sample_id,study_category,activity,question_match,ticker,series_ticker,question,status,result,open_time,close_time,settlement_ts,latest_expiration_time,volume,yes_bid_dollars,yes_ask_dollars,no_bid_dollars,no_ask_dollars
POL-1,political,high,name_in_question,PRESPARTYAK-24-R,PRESPARTYAK,Will the Republican party win Alaska in the presidential election?,finalized,yes,2024-10-14T14:00:00Z,2025-01-06T19:55:39.74439Z,2025-01-06T19:55:59.928295Z,2025-11-05T15:00:00Z,406640.00,0.9900,1.0000,0.0000,0.0100
POL-2,political,high,name_in_question,PRESPARTYRI-24-R,PRESPARTYRI,Will the Republican party win Rhode Island in the presidential election?,finalized,no,2024-10-14T14:00:00Z,2025-01-06T19:56:26.626693Z,2025-01-06T19:56:41.908071Z,2025-11-05T15:00:00Z,88719.00,0.0000,0.0100,0.9900,1.0000
POL-3,political,high,name_in_question,PRESPARTYNE-24-D,PRESPARTYNE,Will the Democratic party win Nebraska in the presidential election?,finalized,no,2024-10-14T14:00:00Z,2025-01-06T19:44:30.553437Z,2025-01-06T19:44:52.908646Z,2025-11-05T15:00:00Z,81205.00,0.0000,0.0100,0.9900,1.0000
POL-4,political,low,name_in_question,PRESPARTYSD-24-D,PRESPARTYSD,Will the Democratic party win South Dakota in the presidential election?,finalized,no,2024-10-14T14:00:00Z,2025-01-06T19:28:35.054417Z,2025-01-06T19:28:51.758623Z,2025-11-05T15:00:00Z,16829.00,0.0000,0.0100,0.9900,1.0000
POL-5,political,low,name_in_question,PRESPARTYND-24-R,PRESPARTYND,Will the Republican party win North Dakota in the presidential election?,finalized,yes,2024-10-14T14:00:00Z,2025-01-06T19:36:30.494237Z,2025-01-06T19:36:45.707973Z,2025-11-05T15:00:00Z,13377.00,0.9900,1.0000,0.0000,0.0100
ECO-1,economic,high,same_month_unemployment_smallest_bucket,KXU3-25NOV-T4.2,KXU3,Will the unemployment rate (U-3) be above 4.2% in November?,finalized,yes,2025-10-24T14:00:00Z,2025-12-16T13:29:00Z,2025-12-16T15:52:12.102886Z,2026-03-06T15:00:00Z,7832.00,0.0000,1.0000,0.0000,1.0000
ECO-2,economic,high,same_month_unemployment_smallest_bucket,KXU3-25SEP-T3.8,KXU3,Will the unemployment rate (U-3) be above 3.8% in September?,finalized,yes,2025-08-22T14:00:00Z,2025-10-03T12:29:00Z,2025-11-20T14:49:19.129798Z,2026-01-02T14:00:00Z,5157.00,0.0000,1.0000,0.0000,1.0000
ECO-3,economic,high,same_month_payrolls_smallest_bucket,PAYROLLS-24MAR-T150000,PAYROLLS,Will above 150000 jobs be added in March 2024?,finalized,yes,2024-03-08T16:00:00Z,2024-04-05T12:25:00Z,2024-04-05T16:42:00.714662Z,2024-04-19T14:00:00Z,8683.00,0.7900,0.8000,0.2000,0.2100
ECO-4,economic,low,same_month_unemployment_smallest_bucket,KXU3-26JUN-T4.6,KXU3,Will the unemployment rate (U-3) be above 4.6% in June?,finalized,no,2026-06-05T16:45:00Z,2026-07-02T12:29:00Z,2026-07-02T13:05:34.458674Z,2026-10-01T14:00:00Z,1701.43,0.0000,1.0000,0.0000,1.0000
ECO-5,economic,low,same_month_payrolls_smallest_bucket,KXPAYROLLS-25JUL-T300000,KXPAYROLLS,Will above 300000 jobs be added in July 2025?,finalized,no,2025-06-20T14:00:00Z,2025-08-01T12:29:00Z,2025-08-01T12:55:17.190836Z,2025-10-31T14:00:00Z,1544.00,0.0000,1.0000,0.0000,1.0000
SPO-1,sports,high,name_in_question,KXMLB-25-CLE,KXMLB,Will the Cleveland win the Pro Baseball Championship?,finalized,no,2025-02-13T15:00:00Z,2025-11-02T04:26:30.868287Z,2025-10-02T22:11:41.787145Z,2027-10-27T14:00:00Z,664558.00,0.0000,1.0000,0.0000,1.0000
SPO-2,sports,high,name_in_question,KXNHL-26-DET,KXNHL,Will Detroit Red Wings win the 2025-26 Stanley Cup Finals?,finalized,no,2025-09-25T02:00:00Z,2026-04-17T19:45:23Z,2026-04-17T19:50:24.474504Z,2028-06-30T14:00:00Z,518481.00,0.0000,0.0100,0.9900,1.0000
SPO-3,sports,high,name_in_question,KXNHL-26-FLA,KXNHL,Will Florida Panthers win the 2025-26 Stanley Cup Finals?,finalized,no,2025-09-25T02:00:00Z,2026-04-09T18:29:54Z,2026-04-09T18:35:04.584625Z,2028-06-30T14:00:00Z,696395.00,0.0000,0.0100,0.9900,1.0000
SPO-4,sports,low,name_in_question,KXNHL-25-NYR,KXNHL,Will the New York Rangers win the Stanley Cup Finals?,finalized,no,2025-01-23T13:00:00Z,2025-06-18T02:55:06.386938Z,2025-04-14T13:26:56.780467Z,2027-06-23T14:00:00Z,34554.00,0.0000,0.0100,0.9900,1.0000
SPO-5,sports,low,name_in_question,KXWNBA-25-CON,KXWNBA,Will the Connecticut win the Pro Women's Basketball Championship?,finalized,no,2025-02-12T15:00:00Z,2025-10-11T02:24:58.115156Z,2025-09-29T14:48:29.889869Z,2027-10-17T14:00:00Z,912.00,0.0000,1.0000,0.0000,1.0000
