ticker,end_period_ts,yes_bid_open,yes_bid_high,yes_bid_low,yes_bid_close,yes_ask_open,yes_ask_high,yes_ask_low,yes_ask_close,volume,open_interest
PRESPARTYNE-24-D,1728918000,0.0000,0.0000,0.0000,0.0000,0.0200,0.0200,0.0200,0.0200,0.00,0.00
PRESPARTYNE-24-D,1728939600,0.0000,0.0000,0.0000,0.0000,0.0200,0.0200,0.0200,0.0200,250.00,250.00
PRESPARTYNE-24-D,1729008000,0.0000,0.0000,0.0000,0.0000,0.0200,0.0200,0.0200,0.0200,100.00,350.00
PRESPARTYNE-24-D,1729404000,0.0000,0.0200,0.0000,0.0100,0.0200,0.0300,0.0200,0.0200,2000.00,2350.00
PRESPARTYNE-24-D,1729875600,0.0100,0.0100,0.0100,0.0100,0.0200,0.0200,0.0200,0.0200,100.00,2450.00
PRESPARTYNE-24-D,1729890000,0.0100,0.0100,0.0100,0.0100,0.0200,0.0200,0.0200,0.0200,50.00,2500.00
PRESPARTYNE-24-D,1729987200,0.0100,0.0100,0.0100,0.0100,0.0200,0.0400,0.0200,0.0300,2353.00,4853.00
PRESPARTYNE-24-D,1730070000,0.0100,0.0100,0.0100,0.0100,0.0300,0.0300,0.0300,0.0300,33.00,4886.00
PRESPARTYNE-24-D,1730084400,0.0100,0.0100,0.0100,0.0100,0.0300,0.0300,0.0200,0.0200,0.00,4886.00
PRESPARTYNE-24-D,1730206800,0.0100,0.0100,0.0000,0.0000,0.0200,0.0200,0.0100,0.0100,150.00,4886.00
PRESPARTYNE-24-D,1730268000,0.0000,0.0000,0.0000,0.0000,0.0100,0.0200,0.0100,0.0200,0.00,4886.00
PRESPARTYNE-24-D,1730271600,0.0000,0.0000,0.0000,0.0000,0.0200,0.0300,0.0200,0.0300,0.00,4886.00
PRESPARTYNE-24-D,1730304000,0.0000,0.0000,0.0000,0.0000,0.0300,0.0300,0.0300,0.0300,333.00,5219.00
PRESPARTYNE-24-D,1730329200,0.0000,0.0000,0.0000,0.0000,0.0300,0.0300,0.0300,0.0300,334.00,5553.00
PRESPARTYNE-24-D,1730336400,0.0000,0.0000,0.0000,0.0000,0.0300,0.0300,0.0300,0.0300,132.00,5685.00
PRESPARTYNE-24-D,1730340000,0.0000,0.0000,0.0000,0.0000,0.0300,0.0300,0.0300,0.0300,66.00,5751.00
PRESPARTYNE-24-D,1730343600,0.0000,0.0200,0.0000,0.0200,0.0300,0.0300,0.0300,0.0300,111.00,5862.00
PRESPARTYNE-24-D,1730354400,0.0200,0.0200,0.0200,0.0200,0.0300,0.0300,0.0300,0.0300,200.00,5962.00
PRESPARTYNE-24-D,1730358000,0.0200,0.0200,0.0200,0.0200,0.0300,0.0300,0.0300,0.0300,33.00,5995.00
PRESPARTYNE-24-D,1730386800,0.0200,0.0200,0.0200,0.0200,0.0300,0.0300,0.0300,0.0300,3333.00,9328.00
PRESPARTYNE-24-D,1730415600,0.0200,0.0200,0.0200,0.0200,0.0300,0.0300,0.0300,0.0300,333.00,9661.00
PRESPARTYNE-24-D,1730419200,0.0200,0.0200,0.0200,0.0200,0.0300,0.0300,0.0300,0.0300,199.00,9827.00
PRESPARTYNE-24-D,1730426400,0.0200,0.0200,0.0200,0.0200,0.0300,0.0300,0.0300,0.0300,266.00,9828.00
PRESPARTYNE-24-D,1730437200,0.0200,0.0200,0.0200,0.0200,0.0300,0.0300,0.0300,0.0300,105.00,9833.00
PRESPARTYNE-24-D,1730440800,0.0200,0.0200,0.0200,0.0200,0.0300,0.0300,0.0300,0.0300,1.00,9834.00
PRESPARTYNE-24-D,1730444400,0.0200,0.0200,0.0200,0.0200,0.0300,0.0300,0.0300,0.0300,50.00,9834.00
PRESPARTYNE-24-D,1730473200,0.0200,0.0200,0.0200,0.0200,0.0300,0.0300,0.0300,0.0300,181.00,9849.00
PRESPARTYNE-24-D,1730476800,0.0200,0.0200,0.0200,0.0200,0.0300,0.0300,0.0300,0.0300,333.00,9849.00
PRESPARTYNE-24-D,1730487600,0.0200,0.0200,0.0200,0.0200,0.0300,0.0300,0.0300,0.0300,33.00,9849.00
PRESPARTYNE-24-D,1730494800,0.0200,0.0200,0.0200,0.0200,0.0300,0.0300,0.0300,0.0300,1000.00,9849.00
PRESPARTYNE-24-D,1730509200,0.0200,0.0200,0.0200,0.0200,0.0300,0.0300,0.0300,0.0300,2.00,9851.00
PRESPARTYNE-24-D,1730516400,0.0200,0.0200,0.0200,0.0200,0.0300,0.0300,0.0300,0.0300,166.00,9851.00
PRESPARTYNE-24-D,1730530800,0.0200,0.0200,0.0200,0.0200,0.0300,0.0800,0.0300,0.0800,638.00,10436.00
PRESPARTYNE-24-D,1730534400,0.0200,0.0200,0.0200,0.0200,0.0800,0.0900,0.0800,0.0900,0.00,10436.00
PRESPARTYNE-24-D,1730552400,0.0200,0.0200,0.0200,0.0200,0.0900,0.0900,0.0800,0.0800,0.00,10436.00
PRESPARTYNE-24-D,1730563200,0.0200,0.0200,0.0200,0.0200,0.0800,0.0800,0.0700,0.0700,0.00,10436.00
PRESPARTYNE-24-D,1730566800,0.0200,0.0200,0.0200,0.0200,0.0700,0.0700,0.0300,0.0300,0.00,10436.00
PRESPARTYNE-24-D,1730581200,0.0200,0.0200,0.0200,0.0200,0.0300,0.0600,0.0300,0.0300,102.00,10538.00
PRESPARTYNE-24-D,1730584800,0.0200,0.0200,0.0200,0.0200,0.0300,0.0300,0.0300,0.0300,66.00,10536.00
PRESPARTYNE-24-D,1730592000,0.0200,0.0200,0.0200,0.0200,0.0300,0.0300,0.0300,0.0300,10.00,10546.00
PRESPARTYNE-24-D,1730595600,0.0200,0.0200,0.0200,0.0200,0.0300,0.0500,0.0300,0.0300,1308.00,11854.00
PRESPARTYNE-24-D,1730599200,0.0200,0.0200,0.0200,0.0200,0.0300,0.0300,0.0300,0.0300,100.00,11954.00
PRESPARTYNE-24-D,1730602800,0.0200,0.0200,0.0200,0.0200,0.0300,0.0400,0.0300,0.0300,966.00,12920.00
PRESPARTYNE-24-D,1730606400,0.0200,0.0300,0.0200,0.0300,0.0300,0.0600,0.0300,0.0400,2382.00,15302.00
PRESPARTYNE-24-D,1730610000,0.0300,0.0300,0.0300,0.0300,0.0400,0.0600,0.0400,0.0500,2000.00,17302.00
PRESPARTYNE-24-D,1730617200,0.0300,0.0300,0.0300,0.0300,0.0500,0.0500,0.0500,0.0500,30.00,17332.00
PRESPARTYNE-24-D,1730620800,0.0300,0.0300,0.0200,0.0200,0.0500,0.0500,0.0500,0.0500,166.00,17266.00
PRESPARTYNE-24-D,1730642400,0.0200,0.0200,0.0200,0.0200,0.0500,0.0600,0.0500,0.0500,583.00,17849.00
PRESPARTYNE-24-D,1730646000,0.0200,0.0200,0.0200,0.0200,0.0500,0.0600,0.0500,0.0600,1333.00,19182.00
PRESPARTYNE-24-D,1730656800,0.0200,0.0200,0.0200,0.0200,0.0600,0.0600,0.0400,0.0500,0.00,19182.00
PRESPARTYNE-24-D,1730664000,0.0200,0.0200,0.0200,0.0200,0.0500,0.0600,0.0500,0.0600,186.00,19318.00
PRESPARTYNE-24-D,1730674800,0.0200,0.0200,0.0200,0.0200,0.0600,0.0600,0.0500,0.0600,0.00,19318.00
PRESPARTYNE-24-D,1730689200,0.0200,0.0300,0.0200,0.0300,0.0600,0.0600,0.0600,0.0600,833.00,20151.00
PRESPARTYNE-24-D,1730707200,0.0300,0.0300,0.0300,0.0300,0.0600,0.0600,0.0500,0.0500,0.00,20151.00
PRESPARTYNE-24-D,1730710800,0.0300,0.0300,0.0300,0.0300,0.0500,0.0600,0.0500,0.0500,0.00,20151.00
PRESPARTYNE-24-D,1730714400,0.0300,0.0400,0.0300,0.0400,0.0500,0.0600,0.0500,0.0500,0.00,20151.00
PRESPARTYNE-24-D,1730718000,0.0400,0.0400,0.0400,0.0400,0.0500,0.0600,0.0500,0.0500,0.00,20151.00
PRESPARTYNE-24-D,1730721600,0.0400,0.0400,0.0400,0.0400,0.0500,0.0600,0.0500,0.0500,0.00,20151.00
PRESPARTYNE-24-D,1730725200,0.0400,0.0400,0.0400,0.0400,0.0500,0.0600,0.0500,0.0500,0.00,20151.00
PRESPARTYNE-24-D,1730728800,0.0400,0.0400,0.0300,0.0300,0.0500,0.0500,0.0400,0.0400,10.00,20161.00
PRESPARTYNE-24-D,1730743200,0.0300,0.0400,0.0300,0.0300,0.0400,0.1400,0.0400,0.0400,14698.00,34839.00
PRESPARTYNE-24-D,1730757600,0.0300,0.0300,0.0300,0.0300,0.0400,0.0400,0.0400,0.0400,1.00,34839.00
PRESPARTYNE-24-D,1730761200,0.0300,0.0300,0.0300,0.0300,0.0400,0.0400,0.0400,0.0400,274.00,34880.00
PRESPARTYNE-24-D,1730764800,0.0300,0.0300,0.0300,0.0300,0.0400,0.0500,0.0400,0.0500,1251.00,36131.00
PRESPARTYNE-24-D,1730768400,0.0300,0.0300,0.0300,0.0300,0.0500,0.0700,0.0500,0.0600,4499.00,40630.00
PRESPARTYNE-24-D,1730772000,0.0300,0.0300,0.0300,0.0300,0.0600,0.0600,0.0600,0.0600,1666.00,42296.00
PRESPARTYNE-24-D,1730775600,0.0300,0.0400,0.0300,0.0400,0.0600,0.0800,0.0500,0.0600,1591.00,43887.00
PRESPARTYNE-24-D,1730779200,0.0400,0.0400,0.0400,0.0400,0.0600,0.0800,0.0600,0.0700,738.00,44625.00
PRESPARTYNE-24-D,1730782800,0.0400,0.0400,0.0400,0.0400,0.0700,0.0700,0.0600,0.0600,1428.00,46053.00
PRESPARTYNE-24-D,1730786400,0.0400,0.0500,0.0400,0.0400,0.0600,0.0700,0.0600,0.0700,249.00,46197.00
PRESPARTYNE-24-D,1730790000,0.0400,0.0400,0.0400,0.0400,0.0700,0.0700,0.0700,0.0700,531.00,46204.00
PRESPARTYNE-24-D,1730793600,0.0400,0.0400,0.0300,0.0400,0.0700,0.0700,0.0700,0.0700,669.00,46218.00
PRESPARTYNE-24-D,1730804400,0.0400,0.0400,0.0300,0.0300,0.0700,0.0700,0.0700,0.0700,0.00,46218.00
PRESPARTYNE-24-D,1730808000,0.0300,0.0300,0.0300,0.0300,0.0700,0.0700,0.0700,0.0700,14.00,46232.00
PRESPARTYNE-24-D,1730811600,0.0300,0.0300,0.0300,0.0300,0.0700,0.0700,0.0700,0.0700,333.00,46087.00
PRESPARTYNE-24-D,1730815200,0.0300,0.0300,0.0300,0.0300,0.0700,0.0700,0.0400,0.0400,0.00,46087.00
PRESPARTYNE-24-D,1730818800,0.0300,0.0300,0.0300,0.0300,0.0400,0.0400,0.0400,0.0400,3876.00,49462.00
PRESPARTYNE-24-D,1730822400,0.0300,0.0300,0.0300,0.0300,0.0400,0.0500,0.0400,0.0400,0.00,49462.00
PRESPARTYNE-24-D,1730826000,0.0300,0.0300,0.0300,0.0300,0.0400,0.0400,0.0400,0.0400,385.00,49740.00
PRESPARTYNE-24-D,1730829600,0.0300,0.0300,0.0300,0.0300,0.0400,0.0400,0.0400,0.0400,720.00,50420.00
PRESPARTYNE-24-D,1730833200,0.0300,0.0300,0.0300,0.0300,0.0400,0.0500,0.0400,0.0500,290.00,50700.00
PRESPARTYNE-24-D,1730836800,0.0300,0.0300,0.0300,0.0300,0.0500,0.0500,0.0400,0.0500,102.00,50700.00
PRESPARTYNE-24-D,1730840400,0.0300,0.0300,0.0300,0.0300,0.0500,0.0500,0.0500,0.0500,91.00,50720.00
PRESPARTYNE-24-D,1730844000,0.0300,0.0300,0.0300,0.0300,0.0500,0.0500,0.0500,0.0500,1250.00,49470.00
PRESPARTYNE-24-D,1730847600,0.0300,0.0300,0.0300,0.0300,0.0500,0.0500,0.0400,0.0500,431.00,49873.00
PRESPARTYNE-24-D,1730851200,0.0300,0.0300,0.0100,0.0100,0.0500,0.0700,0.0500,0.0700,2487.00,50722.00
PRESPARTYNE-24-D,1730854800,0.0100,0.0200,0.0100,0.0200,0.0700,0.1100,0.0400,0.0800,111.00,50833.00
PRESPARTYNE-24-D,1730858400,0.0200,0.0200,0.0200,0.0200,0.0800,0.0800,0.0600,0.0600,646.00,51479.00
PRESPARTYNE-24-D,1730862000,0.0200,0.0200,0.0000,0.0100,0.0600,0.0700,0.0100,0.0500,7432.00,54490.00
PRESPARTYNE-24-D,1730865600,0.0100,0.0300,0.0100,0.0200,0.0500,0.3100,0.0300,0.0900,1653.00,55843.00
PRESPARTYNE-24-D,1730869200,0.0200,0.0200,0.0100,0.0100,0.0900,0.0900,0.0400,0.0400,2578.00,53451.00
PRESPARTYNE-24-D,1730872800,0.0100,0.0100,0.0100,0.0100,0.0400,0.0900,0.0300,0.0400,2273.00,52610.00
PRESPARTYNE-24-D,1730876400,0.0100,0.0100,0.0100,0.0100,0.0400,0.0900,0.0400,0.0600,125.00,52735.00
PRESPARTYNE-24-D,1730880000,0.0100,0.0100,0.0000,0.0000,0.0600,0.0600,0.0100,0.0100,1266.00,52743.00
PRESPARTYNE-24-D,1730901600,0.0000,0.0000,0.0000,0.0000,0.0100,0.0100,0.0100,0.0100,1.00,52743.00
PRESPARTYNE-24-D,1730912400,0.0000,0.0000,0.0000,0.0000,0.0100,0.0100,0.0100,0.0100,800.00,52434.00
PRESPARTYNE-24-D,1730919600,0.0000,0.0000,0.0000,0.0000,0.0100,0.0100,0.0100,0.0100,100.00,52434.00
PRESPARTYNE-24-D,1730923200,0.0000,0.0000,0.0000,0.0000,0.0100,0.0100,0.0100,0.0100,39.00,52395.00
PRESPARTYNE-24-D,1730937600,0.0000,0.0000,0.0000,0.0000,0.0100,0.0100,0.0100,0.0100,146.00,52249.00
PRESPARTYNE-24-D,1731009600,0.0000,0.0000,0.0000,0.0000,0.0100,0.0100,0.0100,0.0100,400.00,51849.00
PRESPARTYNE-24-D,1731024000,0.0000,0.0000,0.0000,0.0000,0.0100,0.0100,0.0100,0.0100,10.00,51839.00
PRESPARTYNE-24-D,1731085200,0.0000,0.0000,0.0000,0.0000,0.0100,0.0100,0.0100,0.0100,81.00,51758.00
PRESPARTYNE-24-D,1731121200,0.0000,0.0000,0.0000,0.0000,0.0100,0.0100,0.0100,0.0100,200.00,51558.00
PRESPARTYNE-24-D,1731261600,0.0000,0.0100,0.0000,0.0100,0.0100,0.0300,0.0100,0.0300,258.00,51300.00
PRESPARTYNE-24-D,1731290400,0.0100,0.0100,0.0100,0.0100,0.0300,0.0300,0.0300,0.0300,33.00,51267.00
PRESPARTYNE-24-D,1731304800,0.0100,0.0100,0.0000,0.0000,0.0300,0.0300,0.0300,0.0300,1118.00,50158.00
PRESPARTYNE-24-D,1731344400,0.0000,0.0000,0.0000,0.0000,0.0300,0.0300,0.0200,0.0200,0.00,50158.00
PRESPARTYNE-24-D,1731592800,0.0000,0.0000,0.0000,0.0000,0.0200,0.0200,0.0100,0.0200,9.00,50149.00
PRESPARTYNE-24-D,1732287600,0.0000,0.0100,0.0000,0.0100,0.0200,0.0200,0.0200,0.0200,0.00,50149.00
PRESPARTYNE-24-D,1732338000,0.0100,0.0100,0.0100,0.0100,0.0200,0.0200,0.0200,0.0200,111.00,50038.00
PRESPARTYNE-24-D,1732413600,0.0100,0.0100,0.0100,0.0100,0.0200,0.0200,0.0200,0.0200,102.00,50038.00
PRESPARTYNE-24-D,1732716000,0.0100,0.0100,0.0000,0.0000,0.0200,0.0200,0.0100,0.0100,265.00,49773.00
PRESPARTYNE-24-D,1732744800,0.0000,0.0000,0.0000,0.0000,0.0100,0.0200,0.0100,0.0200,0.00,49773.00
PRESPARTYNE-24-D,1733194800,0.0000,0.0100,0.0000,0.0100,0.0200,0.0200,0.0200,0.0200,12.00,49773.00
PRESPARTYNE-24-D,1733360400,0.0100,0.0100,0.0000,0.0000,0.0200,0.0200,0.0200,0.0200,12.00,49761.00
PRESPARTYNE-24-D,1735063200,0.0000,0.0100,0.0000,0.0100,0.0200,0.0200,0.0200,0.0200,0.00,49761.00
PRESPARTYNE-24-D,1735488000,0.0100,0.0100,0.0100,0.0100,0.0200,0.0200,0.0200,0.0200,365.00,49761.00
PRESPARTYNE-24-D,1735491600,0.0100,0.0100,0.0000,0.0000,0.0200,0.0200,0.0200,0.0200,515.00,49761.00
PRESPARTYNE-24-D,1735790400,0.0000,0.0000,0.0000,0.0000,0.0200,0.0200,0.0100,0.0100,0.00,49761.00
PRESPARTYNE-24-D,1735912800,0.0000,0.0000,0.0000,0.0000,0.0100,0.0100,0.0100,0.0100,10.00,49761.00
