timestamp,mid_yes,heuristic_effective_spread,n_trades
1763481600,0.475,,0
1763485200,0.475,,0
1763488800,0.44,,0
1763492400,0.405,0.53,1
1763496000,0.195,0.5823539204,1
1763499600,0.335,,0
1763503200,0.36,,0
1763506800,0.45,0.09999999999999987,1
1763510400,0.43,0.020000000000000018,1
1763514000,0.43,0.040000000000000036,1
1763517600,0.42,,0
1763521200,0.415,0.010000000000000009,1
1763524800,0.415,0.019999999999999962,2
1763528400,0.41,,0
1763532000,0.41,,0
1763535600,0.41,0.020000000000000018,1
1763539200,0.41,,0
1763542800,0.41,,0
1763546400,0.41,0.020000000000000018,4
1763550000,0.41,,0
1763553600,0.41,,0
1763557200,0.41,,0
1763560800,0.41,0.02400000000000002,10
1763564400,0.35,,0
1763568000,0.365,,0
1763571600,0.36,0.051724137999999975,1
1763575200,0.32,,0
1763578800,0.315,,0
1763582400,0.33,,0
1763586000,0.35,,0
1763589600,0.35,,0
1763593200,0.35,,0
1763596800,0.355,0.029999999999999916,1
1763600400,0.35,0.059999802400000024,1
1763604000,0.35,,0
1763607600,0.355,,0
1763611200,0.355,,0
1763614800,0.35,,0
1763618400,0.35,,0
1763622000,0.35,0.03999985440000009,1
1763625600,0.345,,0
1763629200,0.345,,0
1763632800,0.355,0.029999961199999925,2
1763636400,0.35,,0
1763640000,0.35,0.0,1
1763643600,0.355,0.039434127825000026,8
1763647200,0.395,0.11181818181818191,11
1763650800,0.35,,0
1763654400,0.335,0.030000000000000027,1
1763658000,0.335,,0
1763661600,0.335,,0
1763665200,0.335,,0
1763668800,0.335,,0
1763672400,0.335,0.030000000000000027,1
1763676000,0.335,,0
1763679600,0.335,,0
1763683200,0.325,0.009999967599999993,4
1763686800,0.295,,0
1763690400,0.295,0.06999956439999999,1
1763694000,0.3,,0
1763697600,0.295,,0
1763701200,0.295,,0
1763704800,0.295,0.02999999140000002,3
1763708400,0.295,,0
1763712000,0.295,,0
1763715600,0.295,,0
1763719200,0.295,,0
1763722800,0.295,,0
1763726400,0.295,,0
1763730000,0.295,0.029999999999999916,2
1763733600,0.3,,0
1763737200,0.305,0.02999999650000007,4
1763740800,0.305,,0
1763744400,0.305,,0
1763748000,0.305,,0
1763751600,0.305,,0
1763755200,0.305,,0
1763758800,0.305,,0
1763762400,0.305,,0
1763766000,0.305,,0
1763769600,0.305,,0
1763773200,0.305,,0
1763776800,0.295,,0
1763780400,0.295,,0
1763784000,0.295,,0
1763787600,0.295,,0
1763791200,0.295,,0
1763794800,0.295,,0
1763798400,0.295,0.02295999999999998,1
1763802000,0.29,,0
1763805600,0.29,,0
1763809200,0.29,,0
1763812800,0.29,,0
1763816400,0.295,,0
1763820000,0.295,0.009999850000000032,1
1763823600,0.29,,0
1763827200,0.29,,0
1763830800,0.29,,0
1763834400,0.29,,0
1763838000,0.29,,0
1763841600,0.295,,0
1763845200,0.295,,0
1763848800,0.295,,0
1763852400,0.29,,0
1763856000,0.29,0.01999931900000007,1
1763859600,0.29,0.019999577500000032,2
1763863200,0.29,,0
1763866800,0.29,,0
1763870400,0.29,,0
1763874000,0.29,0.019999660000000086,1
1763877600,0.29,,0
1763881200,0.29,,0
1763884800,0.29,,0
1763888400,0.285,,0
1763892000,0.285,,0
1763895600,0.285,,0
1763899200,0.285,,0
1763902800,0.285,,0
1763906400,0.285,0.010000000000000009,8
1763910000,0.295,,0
1763913600,0.295,,0
1763917200,0.29,,0
1763920800,0.29,,0
1763924400,0.295,,0
1763928000,0.295,,0
1763931600,0.29,0.020000000000000018,2
1763935200,0.28,,0
1763938800,0.285,,0
1763942400,0.285,,0
1763946000,0.285,0.030000000000000027,1
1763949600,0.285,,0
1763953200,0.285,0.030000000000000027,1
1763956800,0.285,,0
1763960400,0.285,,0
1763964000,0.285,,0
1763967600,0.275,,0
1763971200,0.285,,0
1763974800,0.285,,0
1763978400,0.285,,0
1763982000,0.285,,0
1763985600,0.285,,0
1763989200,0.285,,0
1763992800,0.285,0.029999969999999987,2
1763996400,0.285,,0
1764000000,0.285,,0
1764003600,0.285,,0
1764007200,0.285,,0
1764010800,0.285,,0
1764014400,0.285,,0
1764018000,0.285,,0
1764021600,0.285,,0
1764025200,0.285,,0
1764028800,0.285,,0
1764032400,0.285,,0
1764036000,0.285,,0
1764039600,0.285,,0
1764043200,0.285,,0
1764046800,0.285,,0
1764050400,0.285,0.030000000000000027,1
1764054000,0.285,,0
1764057600,0.285,,0
1764061200,0.285,,0
1764064800,0.285,,0
1764068400,0.285,,0
1764072000,0.285,,0
1764075600,0.285,,0
1764079200,0.285,,0
1764082800,0.285,,0
1764086400,0.285,,0
1764090000,0.285,,0
1764093600,0.285,,0
1764097200,0.285,,0
1764100800,0.285,,0
1764104400,0.285,,0
1764108000,0.285,,0
1764111600,0.285,,0
1764115200,0.285,,0
1764118800,0.285,,0
1764122400,0.285,,0
1764126000,0.285,,0
1764129600,0.285,,0
1764133200,0.285,,0
1764136800,0.285,,0
1764140400,0.285,,0
1764144000,0.285,,0
1764147600,0.285,,0
1764151200,0.285,,0
1764154800,0.285,,0
1764158400,0.285,,0
1764162000,0.285,,0
1764165600,0.285,,0
1764169200,0.285,,0
1764172800,0.285,,0
1764176400,0.285,,0
1764180000,0.285,,0
1764183600,0.285,,0
1764187200,0.285,,0
1764190800,0.285,,0
1764194400,0.285,,0
1764198000,0.285,0.029999999999999916,1
1764201600,0.285,,0
1764205200,0.285,,0
1764208800,0.285,,0
1764212400,0.285,0.029999996999999945,2
1764216000,0.285,,0
1764219600,0.285,,0
1764223200,0.285,,0
1764226800,0.285,,0
1764230400,0.285,,0
1764234000,0.285,,0
1764237600,0.285,,0
1764241200,0.285,,0
1764244800,0.285,,0
1764248400,0.285,,0
1764252000,0.285,,0
1764255600,0.285,0.030000000000000027,1
1764259200,0.29,,0
1764262800,0.29,,0
1764266400,0.285,,0
1764270000,0.285,,0
1764273600,0.285,,0
1764277200,0.285,,0
1764280800,0.285,,0
1764284400,0.285,,0
1764288000,0.28,,0
1764291600,0.28,,0
1764295200,0.28,,0
1764298800,0.28,,0
1764302400,0.28,,0
1764306000,0.28,,0
1764309600,0.28,,0
1764313200,0.28,,0
1764316800,0.28,,0
1764320400,0.28,,0
1764324000,0.28,,0
1764327600,0.28,,0
1764331200,0.28,,0
1764334800,0.28,,0
1764338400,0.28,,0
1764342000,0.28,,0
1764345600,0.28,,0
1764349200,0.28,,0
1764352800,0.28,,0
1764356400,0.28,,0
1764360000,0.28,,0
1764363600,0.28,,0
1764367200,0.28,,0
1764370800,0.28,,0
1764374400,0.28,,0
1764378000,0.28,,0
1764381600,0.28,,0
1764385200,0.28,,0
1764388800,0.28,,0
1764392400,0.285,,0
1764396000,0.285,,0
1764399600,0.28,,0
1764403200,0.28,,0
1764406800,0.285,,0
1764410400,0.28,,0
1764414000,0.28,,0
1764417600,0.28,,0
1764421200,0.285,,0
1764424800,0.285,,0
1764428400,0.285,,0
1764432000,0.285,,0
1764435600,0.285,,0
1764439200,0.285,,0
1764442800,0.285,,0
1764446400,0.285,,0
1764450000,0.285,,0
1764453600,0.285,,0
1764457200,0.285,,0
1764460800,0.285,,0
1764464400,0.285,,0
1764468000,0.285,,0
1764471600,0.285,,0
1764475200,0.285,,0
1764478800,0.285,,0
1764482400,0.285,0.010000000000000009,1
1764486000,0.285,,0
1764489600,0.285,,0
1764493200,0.285,0.010000000000000009,1
1764496800,0.285,,0
1764500400,0.285,,0
1764504000,0.285,,0
1764507600,0.285,0.009999999999999898,1
1764511200,0.285,,0
1764514800,0.285,,0
1764518400,0.285,,0
1764522000,0.285,,0
1764525600,0.285,0.010000000000000009,1
1764529200,0.285,,0
1764532800,0.285,0.010000000000000009,3
1764536400,0.28,,0
1764540000,0.28,,0
1764543600,0.28,,0
1764547200,0.28,,0
1764550800,0.28,,0
1764554400,0.28,,0
1764558000,0.28,,0
1764561600,0.28,,0
1764565200,0.28,,0
1764568800,0.28,,0
1764572400,0.28,,0
1764576000,0.28,,0
1764579600,0.28,,0
1764583200,0.28,,0
1764586800,0.28,,0
1764590400,0.28,0.020000000000000018,1
1764594000,0.28,,0
1764597600,0.28,,0
1764601200,0.28,,0
1764604800,0.28,,0
1764608400,0.28,,0
1764612000,0.28,,0
1764615600,0.28,,0
1764619200,0.28,,0
1764622800,0.28,,0
1764626400,0.28,,0
1764630000,0.28,,0
1764633600,0.28,0.019999981399999922,1
1764637200,0.325,,0
1764640800,0.325,,0
1764644400,0.325,0.02999998852727255,11
1764648000,0.325,0.029999999999999805,5
1764651600,0.325,,0
1764655200,0.325,,0
1764658800,0.325,,0
1764662400,0.325,,0
1764666000,0.325,0.029999999999999805,1
1764669600,0.325,,0
1764673200,0.325,,0
1764676800,0.325,0.029999999999999805,11
1764680400,0.325,,0
1764684000,0.32,0.020000000000000018,1
1764687600,0.325,,0
1764691200,0.325,,0
1764694800,0.325,,0
1764698400,0.315,,0
1764702000,0.305,,0
1764705600,0.305,0.030000000000000027,1
1764709200,0.305,,0
1764712800,0.305,,0
1764716400,0.305,,0
1764720000,0.305,,0
1764723600,0.305,,0
1764727200,0.305,0.030000000000000027,1
1764730800,0.305,0.010000000000000009,1
1764734400,0.305,0.030000000000000027,1
1764738000,0.305,0.030000000000000027,3
1764741600,0.305,,0
1764745200,0.305,,0
1764748800,0.305,,0
1764752400,0.305,,0
1764756000,0.305,,0
1764759600,0.305,,0
1764763200,0.305,,0
1764766800,0.305,0.030000000000000027,3
1764770400,0.305,,0
1764774000,0.295,,0
1764777600,0.3,,0
1764781200,0.3,0.06145454540000017,1
1764784800,0.285,0.04999965900000003,2
1764788400,0.275,0.1346414998999999,8
1764792000,0.315,0.04999987750000001,2
1764795600,0.295,,0
1764799200,0.28,,0
1764802800,0.295,,0
1764806400,0.27,0.020000000000000018,1
1764810000,0.275,,0
1764813600,0.275,,0
1764817200,0.275,,0
1764820800,0.275,,0
1764824400,0.28,,0
1764828000,0.28,,0
1764831600,0.285,0.022479148733333416,3
1764835200,0.295,0.0409543603000001,2
1764838800,0.28,0.040000000000000036,1
1764842400,0.285,0.02999996046666679,3
1764846000,0.29,0.03999997020000001,1
1764849600,0.295,,0
1764853200,0.295,0.029999999999999916,1
1764856800,0.3,0.03999993080000008,1
1764860400,0.305,0.06999997520000001,1
1764864000,0.29,,0
1764867600,0.285,,0
1764871200,0.28,0.10799984724000004,5
1764874800,0.195,0.02999999999999997,1
1764878400,0.195,,0
1764882000,0.195,,0
1764885600,0.19,,0
1764889200,0.195,,0
1764892800,0.195,,0
1764896400,0.185,,0
1764900000,0.185,,0
1764903600,0.185,,0
1764907200,0.185,,0
1764910800,0.185,,0
1764914400,0.185,0.11666351586666672,6
1764918000,0.205,,0
1764921600,0.21,,0
1764925200,0.22,,0
1764928800,0.21,,0
1764932400,0.205,,0
1764936000,0.21,,0
1764939600,0.21,0.10000000000000003,1
1764943200,0.23,,0
1764946800,0.24,0.03999985439999998,1
1764950400,0.255,0.029999874000000037,1
1764954000,0.255,,0
1764957600,0.255,,0
1764961200,0.255,,0
1764964800,0.26,,0
1764968400,0.26,,0
1764972000,0.265,,0
1764975600,0.265,,0
1764979200,0.265,,0
1764982800,0.265,,0
1764986400,0.255,,0
1764990000,0.255,,0
1764993600,0.255,,0
1764997200,0.255,,0
1765000800,0.265,,0
1765004400,0.255,,0
1765008000,0.26,,0
1765011600,0.255,,0
1765015200,0.255,,0
1765018800,0.255,0.06000000000000005,1
1765022400,0.245,,0
1765026000,0.25,0.08000000000000007,1
1765029600,0.25,0.08400000000000003,5
1765033200,0.245,,0
1765036800,0.225,,0
1765040400,0.225,,0
1765044000,0.225,,0
1765047600,0.235,,0
1765051200,0.23,,0
1765054800,0.22,,0
1765058400,0.23,,0
1765062000,0.23,,0
1765065600,0.23,,0
1765069200,0.23,,0
1765072800,0.225,,0
1765076400,0.23,,0
1765080000,0.23,,0
1765083600,0.23,,0
1765087200,0.23,,0
1765090800,0.23,,0
1765094400,0.23,,0
1765098000,0.24,,0
1765101600,0.225,,0
1765105200,0.22,,0
1765108800,0.23,,0
1765112400,0.23,,0
1765116000,0.23,,0
1765119600,0.23,,0
1765123200,0.225,,0
1765126800,0.225,,0
1765130400,0.235,,0
1765134000,0.22,0.020000000000000018,1
1765137600,0.23,,0
1765141200,0.23,,0
1765144800,0.23,0.03,2
1765148400,0.245,,0
1765152000,0.245,,0
1765155600,0.24,,0
1765159200,0.225,,0
1765162800,0.225,,0
1765166400,0.225,,0
1765170000,0.235,,0
1765173600,0.235,0.010000000000000009,1
1765177200,0.225,,0
1765180800,0.225,,0
1765184400,0.225,,0
1765188000,0.225,,0
1765191600,0.225,0.030000000000000027,1
1765195200,0.225,,0
1765198800,0.225,,0
1765202400,0.225,,0
1765206000,0.225,,0
1765209600,0.225,,0
1765213200,0.225,,0
1765216800,0.225,,0
1765220400,0.225,,0
1765224000,0.225,,0
1765227600,0.225,0.030000000000000027,1
1765231200,0.25,,0
1765234800,0.24,,0
1765238400,0.24,,0
1765242000,0.24,,0
1765245600,0.24,,0
1765249200,0.24,,0
1765252800,0.24,,0
1765256400,0.24,,0
1765260000,0.24,,0
1765263600,0.24,,0
1765267200,0.24,,0
1765270800,0.24,,0
1765274400,0.255,,0
1765278000,0.255,,0
1765281600,0.255,,0
1765285200,0.255,0.030000000000000027,1
1765288800,0.25,,0
1765292400,0.25,,0
1765296000,0.25,0.020000000000000018,1
1765299600,0.25,,0
1765303200,0.25,,0
1765306800,0.25,,0
1765310400,0.25,,0
1765314000,0.25,0.04625307983333338,6
1765317600,0.285,0.010000000000000009,1
1765321200,0.285,0.010000000000000009,1
1765324800,0.285,0.033035723599999955,1
1765328400,0.25,,0
1765332000,0.25,,0
1765335600,0.25,,0
1765339200,0.255,,0
1765342800,0.25,,0
1765346400,0.255,,0
1765350000,0.25,,0
1765353600,0.25,,0
1765357200,0.25,0.059999686399999974,1
1765360800,0.265,,0
1765364400,0.26,,0
1765368000,0.26,,0
1765371600,0.26,,0
1765375200,0.26,,0
1765378800,0.265,0.010000000000000009,1
1765382400,0.255,0.04600000000000004,5
1765386000,0.25,,0
1765389600,0.25,0.07999998139999998,1
1765393200,0.25,,0
1765396800,0.225,,0
1765400400,0.235,0.010000000000000009,2
1765404000,0.24,,0
1765407600,0.24,,0
1765411200,0.25,,0
1765414800,0.245,0.050000000000000044,3
1765418400,0.255,,0
1765422000,0.255,,0
1765425600,0.25,0.040000000000000036,1
1765429200,0.235,0.050000000000000044,1
1765432800,0.23,0.08000000000000007,1
1765436400,0.265,,0
1765440000,0.275,,0
1765443600,0.265,0.040000000000000036,2
1765447200,0.265,,0
1765450800,0.265,,0
1765454400,0.255,,0
1765458000,0.265,,0
1765461600,0.265,,0
1765465200,0.27,,0
1765468800,0.27,,0
1765472400,0.265,,0
1765476000,0.265,0.050000000000000044,1
1765479600,0.27,,0
1765483200,0.26,,0
1765486800,0.27,,0
1765490400,0.27,,0
1765494000,0.265,,0
1765497600,0.27,,0
1765501200,0.27,,0
1765504800,0.27,,0
1765508400,0.265,,0
1765512000,0.27,,0
1765515600,0.27,,0
1765519200,0.27,,0
1765522800,0.27,,0
1765526400,0.27,,0
1765530000,0.27,,0
1765533600,0.27,,0
1765537200,0.27,,0
1765540800,0.265,0.030000000000000027,2
1765544400,0.235,,0
1765548000,0.25,,0
1765551600,0.25,,0
1765555200,0.25,,0
1765558800,0.255,,0
1765562400,0.26,,0
1765566000,0.255,,0
1765569600,0.26,,0
1765573200,0.26,,0
1765576800,0.26,,0
1765580400,0.26,,0
1765584000,0.26,,0
1765587600,0.26,,0
1765591200,0.26,,0
1765594800,0.255,,0
1765598400,0.26,,0
1765602000,0.26,,0
1765605600,0.26,,0
1765609200,0.255,,0
1765612800,0.26,,0
1765616400,0.26,,0
1765620000,0.26,,0
1765623600,0.26,,0
1765627200,0.255,,0
1765630800,0.26,,0
1765634400,0.255,0.053234763759999984,5
1765638000,0.225,0.010000000000000009,1
1765641600,0.225,,0
1765645200,0.225,0.010000000000000009,2
1765648800,0.225,,0
1765652400,0.225,0.010000000000000009,4
1765656000,0.225,,0
1765659600,0.225,,0
1765663200,0.225,,0
1765666800,0.225,,0
1765670400,0.225,,0
1765674000,0.225,,0
1765677600,0.225,,0
1765681200,0.225,,0
1765684800,0.225,0.010000000000000009,1
1765688400,0.245,,0
1765692000,0.255,,0
1765695600,0.255,,0
1765699200,0.255,0.049999527800000054,1
1765702800,0.255,,0
1765706400,0.255,,0
1765710000,0.255,,0
1765713600,0.255,,0
1765717200,0.255,,0
1765720800,0.255,,0
1765724400,0.255,,0
1765728000,0.255,,0
1765731600,0.255,,0
1765735200,0.255,,0
1765738800,0.255,,0
1765742400,0.255,,0
1765746000,0.255,,0
1765749600,0.255,,0
1765753200,0.25,,0
1765756800,0.245,,0
1765760400,0.255,,0
1765764000,0.255,0.24265325,8
1765767600,0.265,,0
1765771200,0.265,,0
1765774800,0.265,,0
1765778400,0.265,,0
1765782000,0.265,,0
1765785600,0.265,,0
1765789200,0.265,,0
1765792800,0.275,,0
1765796400,0.275,,0
1765800000,0.275,0.049999993199999926,1
1765803600,0.275,0.050000000000000044,2
1765807200,0.24,0.020000000000000018,1
1765810800,0.275,,0
1765814400,0.275,,0
1765818000,0.265,,0
1765821600,0.27,,0
1765825200,0.28,,0
1765828800,0.275,,0
1765832400,0.275,,0
1765836000,0.275,,0
1765839600,0.275,0.04999999999999999,2
1765843200,0.315,0.14925623999999996,5
1765846800,0.305,0.15000000000000013,2
1765850400,0.3,0.14000000000000012,1
1765854000,0.285,,0
1765857600,0.28,,0
1765861200,0.31,,0
1765864800,0.295,0.13000000000000012,4
1765868400,0.3,,0
1765872000,0.325,0.06999995619999999,1
1765875600,0.315,0.10999999999999993,2
1765879200,0.315,0.030000000000000027,2
1765882800,0.315,0.1299999999999999,6
1765886400,0.275,0.020000000000000018,4
1765890000,0.265,0.19580139660000007,31
1765893600,0.0005,,0
1765897200,0.0005,,0
1765900800,0.0005,,0
