sample_id,study_category,activity,question_match,id,slug,condition_id,question,outcomes,outcome_prices,resolved_outcome,clob_token_ids,category,start_date,end_date,closed_time,closed,active,volume,liquidity
POL-1,political,high,name_in_question,255045,will-a-republican-win-alaska-in-the-2024-us-presidential-election,0xcec7958225b06aa2464a72d934ddcc9b66bb6f35ad065010496d8db92de412a0,Will a Republican win Alaska Presidential Election?,"[""Yes"", ""No""]","[""1"", ""0""]",Yes,"[""76626557395718138549682497346449622033790455953645207983251701172676708683039"", ""9646994822693149615303360714935546561049708672550992328943885204944470918778""]",,2024-03-28,2024-11-05,2024-11-07 22:44:26+00,True,True,796279.059822,
POL-2,political,high,name_in_question,255161,will-a-republican-win-rhode-island-in-the-2024-us-presidential-election,0x7b00fb0579971faf62a2bba9a6411c5004e5ee6d7cce4f0528315334dbffbfd5,Will a Republican win Rhode Island Presidential Election?,"[""Yes"", ""No""]","[""0"", ""1""]",No,"[""99672409625841492897188894344846022664896122293787929829963546146137071761147"", ""13789495019897325972132141891116611308334961501786542464870706199730148161946""]",,2024-03-28,2024-11-05,2024-11-06 15:38:54+00,True,True,102536.856439,
POL-3,political,high,name_in_question,255043,will-a-democrat-win-nebraska-in-the-2024-us-presidential-election,0x5450fdfa7f5d9198c8bb06894478ab983dcf181c7796a84980fd7fd13d364e7b,Will a Democrat win Nebraska Presidential Election?,"[""Yes"", ""No""]","[""0"", ""1""]",No,"[""6511320115012073314258114900202512333073214818740802888332361452934837274686"", ""35770901684551795669491368577279542243430622770277005790758177182695013574212""]",,2024-03-28,2024-11-05,2024-11-06 11:35:01+00,True,True,102474.08709,
POL-4,political,low,name_in_question,255167,will-a-democrat-win-south-dakota-in-the-2024-us-presidential-election,0xcaec99debca1fe002f7af5b3ff300edfcf84c7ab7e366b24c12316ba99ed302e,Will a Democrat win South Dakota Presidential Election?,"[""Yes"", ""No""]","[""0"", ""1""]",No,"[""105742278895779392184517567088147476702553818055925607866681628906726505150563"", ""103817554879098980143189456527608321905884757182906793330525824422625380941210""]",,2024-03-28,2024-11-05,2024-11-06 15:29:13+00,True,True,213694.618558,
POL-5,political,low,name_in_question,255104,will-a-republican-win-north-dakota-in-the-2024-us-presidential-election,0xe618be45bbda1e6011ec1d7a03af0de0953f02cccad7bfc0f8dd9506ed36f7f7,Will a Republican win North Dakota Presidential Election?,"[""Yes"", ""No""]","[""1"", ""0""]",Yes,"[""74594161563120681410942425422244825470573111517564347846134443688695080108751"", ""64231611882804830712199371941028597288636183956835367215611038106102856620559""]",,2024-03-28,2024-11-05,2024-11-06 16:08:59+00,True,True,303208.802688,
ECO-1,economic,high,same_month_unemployment_smallest_bucket,687498,will-the-november-2025-unemployment-rate-be-4pt4,0xe52215f8df326726c52d903926e4939e7ee7e23a2f68b9c814c2fb084c824615,Will the November 2025 unemployment rate be 4.4%?,"[""Yes"", ""No""]","[""0"", ""1""]",No,"[""105881706191328976190525008903800515002858769177947829921340659866000531965012"", ""2456175065792455318996317372857348230979335242127626583449628159614625295895""]",,2025-11-18,2025-12-05,2025-12-16 16:38:25+00,True,True,18065.74077,
ECO-2,economic,high,same_month_unemployment_smallest_bucket,588727,will-the-september-2025-unemployment-rate-be-4pt1,0x8f1218ccc9a3f8d28044433c4ca29a6b6769d9daf03d3d5eff6f12aef68c7751,Will the September 2025 unemployment rate be 4.1%?,"[""Yes"", ""No""]","[""0"", ""1""]",No,"[""37186597914715005452782013420453477339933223549152646647330111663702071863347"", ""27530654147977907907423743227058670209375036605495295387670850772016950758706""]",,2025-09-05,2025-10-03,2025-11-07 21:49:55+00,True,True,34218.128892,
ECO-3,economic,high,same_month_payrolls_smallest_bucket,255350,will-us-gain-between-200k-and-275k-jobs-in-march,0x917823537958b87e1a83b872dbda16e924dbba45da62dfb453ad3d0ebefd935d,Will US gain between 200k and 275k jobs in March?,"[""Yes"", ""No""]","[""0"", ""1""]",No,"[""47540629283530408198513462744611763519570216674066417131754806233647534416053"", ""100146032218139989335883322953009693088397556556237538629508141941035039152931""]",,2024-03-11T22:44:00Z,2024-04-03,2024-04-05 15:45:22+00,True,True,12529.62,
ECO-4,economic,low,same_month_unemployment_smallest_bucket,2444514,will-the-june-2026-unemployment-rate-be-4pt6,0xbbf313a2a82eff490335d49c67fb83dce12caa9eef5cd86307f89f10e673f32e,Will the June 2026 unemployment rate be 4.6%?,"[""Yes"", ""No""]","[""0"", ""1""]",No,"[""99600532394549852597292891930060066543857537979043560787441045800571295194382"", ""68237946121529362664341772556611628379867100619182461851819188112644007085581""]",,2026-06-05,2026-07-02,2026-07-02 14:35:46+00,True,True,602.469911,
ECO-5,economic,low,same_month_payrolls_smallest_bucket,559823,will-the-us-add-between-150k-and-200k-jobs-in-july,0xae3f5136860b205147f10c343a17e827f4c0a3264d5acca61218c1346dd0cf75,Will the US add between 150k and 200k jobs in July?,"[""Yes"", ""No""]","[""0"", ""1""]",No,"[""44970984693446229163777814796761027650616244349974665674793478133682772047061"", ""97731991554168815398711686031656577665295688192843106167368967661811805944570""]",,2025-07-03,2025-08-01,2025-08-01 15:37:10+00,True,True,15152.192019,
SPO-1,sports,high,name_in_question,525390,will-the-cleveland-guardians-win-the-2025-world-series,0x84d62ee93bfa7d38836e278801c8c5ccb791482d36b0fbedc990ac2ba1610d9c,Will the Cleveland Guardians win the 2025 World Series?,"[""Yes"", ""No""]","[""0"", ""1""]",No,"[""59509306175423189901274317412067055291186651992183300308846686837561073993871"", ""3676802056042907978909920956857639900984345266080652999327639262591239370149""]",,2025-02-26,2025-10-31,2025-10-03 03:32:59+00,True,True,1707093.185591,
SPO-2,sports,high,name_in_question,553847,will-the-detroit-red-wings-win-the-2026-nhl-stanley-cup,0x7014b40f62a559be0a0abd2bf1ca1ef16e44674b2c505bb5243c752f2e0d351f,Will the Detroit Red Wings win the 2026 NHL Stanley Cup?,"[""Yes"", ""No""]","[""0"", ""1""]",No,"[""105820657025478857015993206354412568572835231572443865502882842764049428172501"", ""45136148810315305870452576886510362427640366994007423764308837182211154771126""]",,2025-06-23,2026-06-30,2026-04-12 04:08:33+00,True,True,1266491.719208001,
SPO-3,sports,high,name_in_question,553825,will-the-florida-panthers-win-the-2026-nhl-stanley-cup,0xd01354f96db7fc2184cc34ac463a80cc65e7ff5de64c8a2f3e07e8433317d75f,Will the Florida Panthers win the 2026 NHL Stanley Cup?,"[""Yes"", ""No""]","[""0"", ""1""]",No,"[""80061984358752599784693370376997592727558961379567449932508186368496986212029"", ""42433583546409205693938411606863251812283085544286252379883028411752918173253""]",,2025-06-23,2026-06-30,2026-04-05 03:32:35+00,True,True,1621897.9388059953,
SPO-4,sports,low,name_in_question,509103,will-the-new-york-rangers-win-the-2025-stanley-cup,0xf610e2f30647222cb6f3ca9f19eb9c7f03912d29c50de4491bb4b33999164780,Will the New York Rangers win the 2025 Stanley Cup?,"[""Yes"", ""No""]","[""0"", ""1""]",No,"[""62819480847327418494029839256544099275332202416562152293940418097828018467865"", ""54771754600279037632844371171624310214144049679603903421716364721604283396611""]",,2024-10-08,2025-06-23,2025-04-13 01:58:57+00,True,True,1317996.184151,
SPO-5,sports,low,name_in_question,543591,will-the-connecticut-sun-win-the-2025-wnba-championship,0x39e3078a9246665a23681561fba19aaf4f3f352b05706d5ed1851dd869fb90da,Will the Connecticut Sun win the 2025 WNBA Championship?,"[""Yes"", ""No""]","[""0"", ""1""]",No,"[""103639236739373844000941700443618532019183228685336931352114766106885161304770"", ""87542158996569968971093939328413591323956205073719052581787748749131431020594""]",,2025-05-12,2025-10-17,2025-08-20 06:51:01+00,True,True,14097.863074,0
