timestamp,price
1757102408,0.905
1757106022,0.905
1757109602,0.905
1757113211,0.905
1757116809,0.905
1757120407,0.905
1757124012,0.905
1757127606,0.905
1757131216,0.905
1757134810,0.905
1757138414,0.905
1757142021,0.905
1757145614,0.905
1757149223,0.905
1757152821,0.905
1757156410,0.905
1757160015,0.91
1757163609,0.91
1757167220,0.91
1757170816,0.91
1757174407,0.915
1757178011,0.915
1757181612,0.915
1757185220,0.915
1757188822,0.915
1757192404,0.915
1757196008,0.915
1757199616,0.95
1757203208,0.95
1757206811,0.95
1757210414,0.95
1757214025,0.95
1757217621,0.955
1757221209,0.965
1757224816,0.965
1757228405,0.965
1757232004,0.965
1757235602,0.965
1757239221,0.967
1757242810,0.9675
1757246411,0.967
1757250005,0.9675
1757253606,0.967
1757257203,0.967
1757260821,0.967
1757264412,0.965
1757268017,0.965
1757271606,0.965
1757275219,0.9675
1757278821,0.965
1757282415,0.965
1757286005,0.965
1757289613,0.965
1757293215,0.965
1757296804,0.965
1757300416,0.965
1757304009,0.9675
1757307614,0.967
1757311209,0.9675
1757314821,0.967
1757318416,0.9675
1757322011,0.968
1757325604,0.9675
1757329211,0.968
1757332814,0.968
1757336418,0.968
1757340012,0.968
1757343608,0.9675
1757347222,0.9695
1757350824,0.97
1757354405,0.97
1757358004,0.97
1757361616,0.97
1757365215,0.97
1757368809,0.97
1757372414,0.97
1757376005,0.97
1757379612,0.97
1757383212,0.97
1757386804,0.97
1757390416,0.97
1757394017,0.97
1757397609,0.97
1757401222,0.97
1757404804,0.97
1757408412,0.97
1757412007,0.9705
1757415605,0.9705
1757419212,0.9705
1757422820,0.9705
1757426404,0.9705
1757430018,0.9705
1757433615,0.9705
1757437212,0.97
1757440825,0.97
1757444402,0.971
1757448016,0.971
1757451614,0.971
1757455207,0.971
1757458812,0.971
1757462402,0.971
1757466008,0.971
1757469616,0.971
1757473209,0.971
1757476819,0.971
1757480402,0.971
1757484015,0.971
1757487607,0.971
1757491219,0.971
1757494806,0.971
1757498408,0.971
1757502009,0.971
1757505603,0.971
1757509206,0.971
1757512809,0.971
1757516407,0.971
1757520016,0.971
1757523605,0.971
1757527218,0.971
1757530802,0.971
1757534405,0.971
1757538017,0.971
1757541606,0.971
1757545207,0.971
1757548814,0.971
1757552408,0.971
1757556009,0.971
1757559604,0.971
1757563206,0.971
1757566816,0.971
1757570413,0.971
1757574003,0.971
1757577606,0.971
1757581220,0.971
1757584804,0.971
1757588406,0.971
1757592012,0.971
1757595612,0.971
1757599215,0.971
1757602810,0.971
1757606412,0.971
1757610004,0.973
1757613619,0.973
1757617212,0.9735
1757620819,0.978
1757624428,0.978
1757628013,0.978
1757631624,0.978
1757635227,0.978
1757638811,0.978
1757642420,0.978
1757646004,0.978
1757649614,0.978
1757653211,0.978
1757656802,0.978
1757660406,0.978
1757664011,0.978
1757667612,0.978
1757671204,0.978
1757674817,0.9785
1757678415,0.9785
1757682020,0.978
1757685625,0.9785
1757689214,0.978
1757692813,0.9785
1757696414,0.9785
1757700032,0.9785
1757703612,0.9785
1757707204,0.9785
1757710803,0.9785
1757714415,0.9785
1757718008,0.9785
1757721604,0.9785
1757725208,0.9785
1757728809,0.9785
1757732410,0.9785
1757736021,0.9785
1757739607,0.9785
1757743224,0.9785
1757746812,0.9785
1757750404,0.9785
1757754009,0.9785
1757757616,0.9785
1757761219,0.979
1757764822,0.979
1757768417,0.979
1757772003,0.98
1757775621,0.979
1757779209,0.979
1757782811,0.979
1757786415,0.98
1757790022,0.98
1757793617,0.979
1757797205,0.979
1757800820,0.9795
1757804402,0.9795
1757808018,0.9795
1757811609,0.9795
1757815215,0.9795
1757818803,0.9795
1757822423,0.9795
1757826005,0.9795
1757829606,0.9795
1757833224,0.9795
1757836814,0.979
1757840430,0.9795
1757844014,0.983
1757847621,0.979
1757851202,0.9795
1757854807,0.979
1757858418,0.9785
1757862014,0.9795
1757865620,0.9795
1757869220,0.9795
1757872802,0.9795
1757876411,0.9795
1757880009,0.9795
1757883624,0.9795
1757887204,0.9795
1757890815,0.9795
1757894406,0.9795
1757898007,0.9795
1757901612,0.9795
1757905207,0.9795
1757908810,0.9795
1757912409,0.9795
1757916013,0.9795
1757919614,0.9795
1757923215,0.9795
1757926811,0.9795
1757930418,0.9795
1757934008,0.9795
1757937625,0.9795
1757941219,0.9795
1757944820,0.9795
1757948411,0.9795
1757952002,0.9795
1757955624,0.9795
1757959216,0.9795
1757962817,0.9795
1757966410,0.9795
1757970009,0.9795
1757973615,0.9795
1757977211,0.9795
1757980810,0.98
1757984410,0.98
1757988016,0.9795
1757991624,0.98
1757995225,0.98
1757998820,0.9795
1758002418,0.9795
1758006022,0.9795
1758009621,0.9795
1758013223,0.98
1758016813,0.98
1758020412,0.9805
1758024012,0.9805
1758027611,0.9805
1758031210,0.98
1758034812,0.9805
1758038417,0.98
1758042007,0.98
1758045627,0.9805
1758049212,0.9805
1758052820,0.9805
1758056402,0.98
1758060017,0.9805
1758063619,0.98
1758067204,0.9805
1758070813,0.981
1758074412,0.9805
1758078002,0.9805
1758081606,0.9805
1758085214,0.984
1758088809,0.984
1758092414,0.984
1758096014,0.984
1758099607,0.984
1758103220,0.984
1758106814,0.984
1758110428,0.984
1758114021,0.984
1758117606,0.984
1758121202,0.9845
1758124808,0.986
1758128422,0.986
1758135613,0.986
1758139210,0.986
1758142814,0.981
1758146408,0.981
1758150006,0.981
1758153606,0.9815
1758157203,0.9805
1758160812,0.9805
1758164419,0.98
1758168003,0.981
1758171614,0.9805
1758175223,0.981
1758178814,0.988
1758182410,0.988
1758186004,0.988
1758189608,0.988
1758193215,0.988
1758196814,0.988
1758200414,0.988
1758204012,0.988
1758207618,0.988
1758211202,0.988
1758214817,0.988
1758218415,0.988
1758222024,0.988
1758225609,0.988
1758229218,0.988
1758232815,0.988
1758236402,0.988
1758240010,0.988
1758243606,0.988
1758247214,0.988
1758250822,0.988
1758254402,0.988
1758258004,0.988
1758261603,0.988
1758265220,0.988
1758268806,0.988
1758272421,0.988
1758276005,0.988
1758279612,0.988
1758283225,0.988
1758286805,0.988
1758290409,0.988
1758294020,0.988
1758297607,0.988
1758301224,0.988
1758304804,0.988
1758308405,0.988
1758312013,0.988
1758315624,0.988
1758319215,0.988
1758322804,0.988
1758326413,0.988
1758330017,0.988
1758333607,0.988
1758337216,0.9885
1758340809,0.9885
1758344410,0.9885
1758348004,0.9885
1758351609,0.9885
1758355213,0.9885
1758358814,0.9885
1758362406,0.9885
1758366014,0.9885
1758369602,0.9885
1758373220,0.9885
1758376820,0.9885
1758380410,0.9885
1758384008,0.9885
1758387609,0.9885
1758391220,0.9885
1758394816,0.9885
1758398405,0.9885
1758402004,0.9885
1758405604,0.9885
1758409207,0.9885
1758412810,0.9885
1758416408,0.9885
1758420014,0.9875
1758423617,0.9875
1758427214,0.9875
1758430812,0.9875
1758434407,0.9875
1758438024,0.9875
1758441605,0.9875
1758445215,0.9875
1758448815,0.9875
1758452414,0.9875
1758456005,0.9875
1758459619,0.9875
1758463211,0.9875
1758466807,0.9875
1758470412,0.987
1758474024,0.987
1758477611,0.987
1758481213,0.987
1758484810,0.987
1758488412,0.987
1758492014,0.987
1758495610,0.987
1758499206,0.987
1758502812,0.987
1758506407,0.987
1758510022,0.987
1758513610,0.987
1758517218,0.987
1758520809,0.987
1758524410,0.987
1758528022,0.987
1758531602,0.987
1758535209,0.987
1758538812,0.987
1758542415,0.987
1758546020,0.987
1758549606,0.987
1758553220,0.987
1758556812,0.987
1758560404,0.987
1758564021,0.987
1758567604,0.987
1758571213,0.987
1758574810,0.987
1758578405,0.987
1758582014,0.987
1758585609,0.987
1758589209,0.987
1758592811,0.987
1758596403,0.987
1758600010,0.987
1758603619,0.987
1758607218,0.987
1758610807,0.987
1758614411,0.987
1758618008,0.987
1758621606,0.987
1758625204,0.987
1758628817,0.987
1758632423,0.987
1758636012,0.987
1758639612,0.987
1758643202,0.9845
1758646821,0.9825
1758650406,0.982
1758654017,0.9825
1758657612,0.9825
1758661219,0.9825
1758664819,0.9825
1758668403,0.983
1758672003,0.9825
1758675607,0.9825
1758679203,0.9825
1758682817,0.9825
1758686410,0.9825
1758690015,0.9825
1758693602,0.9825
1758697204,0.9825
1758700813,0.9825
1758704426,0.9825
1758708004,0.9825
1758711604,0.9825
1758715210,0.9825
1758718805,0.9825
1758722412,0.984
1758726013,0.984
1758729609,0.984
1758733210,0.982
1758736811,0.982
1758740402,0.9815
1758744009,0.9815
1758747610,0.9785
1758751210,0.9785
1758754804,0.9785
1758758404,0.9785
1758762004,0.9785
1758765604,0.9785
1758769214,0.9785
1758772807,0.9785
1758776412,0.9785
1758780006,0.9785
1758783604,0.9785
1758787213,0.9785
1758790811,0.9785
1758794413,0.9785
1758798008,0.9785
1758801607,0.9785
1758805211,0.9815
1758808813,0.982
1758812407,0.9835
1758816002,0.9835
1758819614,0.9835
1758823211,0.983
1758826804,0.9835
1758830404,0.984
1758834013,0.983
1758837615,0.984
1758841207,0.9835
1758844804,0.984
1758848404,0.985
1758852004,0.985
1758855607,0.985
1758859202,0.9845
1758862816,0.9845
1758866406,0.9845
1758870012,0.9845
1758873608,0.9845
1758877218,0.9845
1758880809,0.9845
1758884414,0.984
1758888005,0.9845
1758891610,0.985
1758895206,0.9855
1758898807,0.986
1758902403,0.985
1758906018,0.986
1758909608,0.9855
1758913214,0.9815
1758916809,0.9725
1758920410,0.9725
1758924004,0.9725
1758927606,0.9725
1758931205,0.9725
1758934810,0.9725
1758938410,0.9725
1758942007,0.9725
1758945603,0.9725
1758949215,0.9725
1758952815,0.9725
1758956412,0.9725
1758960009,0.9725
1758963603,0.9725
1758967210,0.9725
1758970815,0.9725
1758974408,0.9725
1758978013,0.9725
1758981610,0.9725
1758985212,0.9725
1758988813,0.9725
1758992420,0.9725
1758996010,0.9725
1758999616,0.9725
1759003216,0.9725
1759006814,0.9725
1759010403,0.9725
1759014015,0.9725
1759017607,0.9725
1759021210,0.9725
1759024807,0.9725
1759028405,0.9725
1759032012,0.973
1759035610,0.973
1759039210,0.9725
1759042807,0.973
1759046416,0.973
1759050003,0.973
1759053610,0.973
1759057207,0.973
1759060803,0.973
1759064415,0.973
1759068011,0.973
1759071612,0.973
1759075206,0.973
1759078806,0.973
1759082406,0.973
1759086004,0.973
1759089608,0.973
1759093212,0.973
1759096807,0.973
1759100414,0.973
1759104005,0.973
1759107608,0.973
1759111209,0.973
1759114807,0.973
1759118411,0.973
1759122006,0.973
1759125612,0.973
1759129206,0.973
1759132813,0.973
1759136408,0.973
1759140007,0.973
1759143602,0.973
1759147216,0.973
1759150803,0.9535
1759154404,0.954
1759158002,0.954
1759161604,0.9525
1759165204,0.9535
1759168804,0.9535
1759172413,0.9535
1759176009,0.9535
1759179606,0.9535
1759183213,0.954
1759186809,0.9535
1759190412,0.9545
1759194008,0.9545
1759197611,0.955
1759201204,0.955
1759204812,0.955
1759208404,0.955
1759212012,0.955
1759215615,0.955
1759219214,0.955
1759222805,0.955
1759226402,0.955
1759230003,0.955
1759233616,0.955
1759237212,0.9545
1759240808,0.9545
1759244405,0.9545
1759248011,0.9545
1759251607,0.9545
1759255215,0.9545
1759258806,0.9545
1759262413,0.955
1759266007,0.9555
1759269610,0.9555
1759273210,0.955
1759276802,0.9535
1759280408,0.9545
1759284002,0.9545
1759287604,0.9545
1759291211,0.9545
1759294803,0.9565
1759298410,0.9545
1759302008,0.9565
1759305605,0.951
1759309203,0.973
1759312803,0.9515
1759316411,0.913
1759320011,0.914
1759323608,0.9295
1759327208,0.915
1759330806,0.9395
1759334406,0.9155
1759338014,0.9455
1759341609,0.9455
1759345210,0.9455
1759348813,0.9455
1759352413,0.9455
1759356011,0.9455
1759359610,0.9485
1759363206,0.951
1759366806,0.953
1759370407,0.953
1759374004,0.951
1759377607,0.948
1759381205,0.948
1759384807,0.956
1759388407,0.949
1759392009,0.9605
1759395602,0.9585
1759399206,0.9615
1759402803,0.961
1759406409,0.9595
1759410011,0.968
1759413606,0.968
1759417204,0.9585
1759420802,0.9585
1759424406,0.9615
1759428013,0.9615
1759431609,0.963
1759435213,0.9645
1759438811,0.9635
1759442408,0.963
1759446012,0.964
1759449602,0.9635
1759453204,0.9635
1759456802,0.9645
1759460407,0.9635
1759464003,0.9635
1759467611,0.9645
1759471210,0.963
1759474815,0.9745
1759478403,0.9805
1759482007,0.9965
1759485607,0.9855
1759489206,0.972
1759492806,0.9725
1759496407,0.966
1759500008,0.966
1759503607,0.966
1759507208,0.966
1759510809,0.9655
1759514405,0.966
1759518006,0.966
1759521607,0.966
1759525204,0.966
1759528808,0.9655
1759532403,0.9655
1759536003,0.9655
1759539604,0.9655
1759543203,0.9655
1759546803,0.9655
1759550407,0.9655
1759554008,0.9655
1759557610,0.9655
1759561204,0.965
1759564803,0.965
1759568406,0.965
1759572005,0.965
1759575603,0.9635
1759579204,0.963
1759582803,0.963
1759586408,0.9635
1759590006,0.957
1759593604,0.964
1759597203,0.8985
1759600806,0.9045
1759604404,0.9135
1759608009,0.924
1759611607,0.92
1759615203,0.9175
1759618803,0.943
1759622407,0.944
1759626002,0.945
1759629605,0.9315
1759633207,0.9345
1759636805,0.941
1759640403,0.941
1759644006,0.954
1759647605,0.974
1759651204,0.9595
1759654806,0.959
1759658409,0.9575
1759662005,0.9775
1759665606,0.964
1759669204,0.9675
1759672806,0.962
1759676405,0.959
1759680004,0.973
1759683605,0.9605
1759687219,0.9675
1759690804,0.9635
1759694408,0.964
1759698002,0.974
1759701604,0.954
1759705207,0.954
1759708802,0.9575
1759712405,0.9585
1759716006,0.959
1759719606,0.9585
1759723205,0.959
1759726803,0.9585
1759730406,0.959
1759734006,0.959
1759737604,0.959
1759741208,0.959
1759744804,0.959
1759748403,0.97
1759752005,0.975
1759755605,0.963
1759759203,0.964
1759762806,0.9625
1759766404,0.9575
1759770006,0.9635
1759773606,0.9555
1759777203,0.9625
1759780802,0.9615
1759784415,0.961
1759788005,0.959
1759791612,0.963
1759795207,0.9625
1759798809,0.955
1759802411,0.96
1759806009,0.9605
1759809614,0.96
1759813203,0.96
1759816817,0.961
1759820413,0.961
1759824009,0.96
1759827614,0.961
1759831209,0.961
1759834806,0.961
1759838402,0.96
1759842014,0.96
1759845609,0.96
1759849214,0.96
1759852802,0.96
1759856416,0.962
1759860013,0.962
1759863613,0.962
1759867214,0.963
1759870818,0.962
1759874403,0.9635
1759878010,0.9635
1759881610,0.9635
1759885212,0.9625
1759888812,0.9635
1759892419,0.9615
1759896017,0.9605
1759899615,0.9565
1759903211,0.9645
1759906812,0.9645
1759910403,0.9615
1759914015,0.9625
1759917605,0.9655
1759921209,0.9575
1759924814,0.9605
1759928404,0.9625
1759932012,0.9625
1759935605,0.9635
1759939212,0.9645
1759942804,0.9585
1759946418,0.9565
1759950009,0.9585
1759953613,0.965
1759957202,0.964
1759960808,0.962
1759964413,0.962
1759968008,0.964
1759971611,0.963
1759975211,0.961
1759978816,0.964
1759982403,0.962
1759986013,0.9605
1759989615,0.963
1759993204,0.9615
1759996814,0.9645
1760000408,0.9625
1760004014,0.961
1760007617,0.964
1760011221,0.962
1760014816,0.964
1760018406,0.962
1760022015,0.9645
1760025613,0.9625
1760029212,0.9605
1760032821,0.9635
1760036404,0.962
1760040004,0.964
1760043615,0.9645
1760047203,0.961
1760050803,0.9625
1760054404,0.962
1760058013,0.963
1760061610,0.964
1760065207,0.965
1760068813,0.9645
1760072410,0.961
1760076014,0.964
1760079621,0.965
1760083204,0.965
1760086811,0.965
1760090411,0.965
1760094019,0.965
1760097615,0.965
1760101205,0.965
1760104818,0.9645
1760108416,0.961
1760112010,0.9635
1760115617,0.9635
1760119204,0.9635
1760122817,0.9635
1760126407,0.9635
1760130013,0.9635
1760133603,0.9635
1760137218,0.9635
1760140810,0.9635
1760144411,0.9635
1760148004,0.9635
1760151612,0.9635
1760155217,0.9635
1760158814,0.9635
1760162409,0.9635
1760166009,0.9635
1760169602,0.9635
1760173220,0.964
1760176812,0.964
1760180413,0.9635
1760184018,0.9615
1760187611,0.964
1760191217,0.965
1760194812,0.965
1760198408,0.965
1760202015,0.965
1760205612,0.965
1760209221,0.965
1760212818,0.965
1760216409,0.965
1760220012,0.9625
1760223614,0.9645
1760227215,0.9645
1760230803,0.9645
1760234404,0.9645
1760238003,0.9645
1760241609,0.9645
1760245211,0.9645
1760248815,0.9645
1760252415,0.965
1760256008,0.9645
1760259605,0.9645
1760263217,0.9645
1760266814,0.9645
1760270423,0.9645
1760274017,0.959
1760277608,0.959
1760281205,0.959
1760284807,0.959
1760288421,0.959
1760292018,0.959
1760295610,0.96
1760299211,0.9575
1760302824,0.9585
1760306411,0.957
1760310005,0.9585
1760313613,0.957
1760317211,0.9575
1760320807,0.9575
1760324421,0.9575
1760328005,0.9575
1760331612,0.9575
1760335204,0.9585
1760338811,0.9585
1760342409,0.9575
1760346010,0.9575
1760349603,0.9575
1760353216,0.9575
1760356812,0.9575
1760360408,0.9575
1760364018,0.9575
1760367610,0.9595
1760371206,0.958
1760374820,0.958
1760378408,0.955
1760382018,0.958
1760385617,0.962
1760389214,0.96
1760392808,0.9865
1760396418,0.9865
1760400013,0.9865
1760403616,0.9865
1760407218,0.9865
1760410813,0.9865
1760414407,0.9865
1760418006,0.9865
1760421605,0.9865
1760425204,0.9865
1760428803,0.9865
1760432421,0.9865
1760436013,0.9865
1760439614,0.9865
1760443206,0.9865
1760446815,0.9865
1760450414,0.9865
1760454024,0.9865
1760457613,0.9865
1760461203,0.9865
1760464814,0.9865
1760468411,0.9865
1760472015,0.9865
1760475623,0.9865
1760479209,0.9865
1760482806,0.9865
1760486414,0.9865
1760490011,0.9865
1760493611,0.9865
1760497217,0.9865
1760500815,0.9865
1760504416,0.9865
1760508024,0.9865
1760511603,0.9865
1760515208,0.9865
1760518812,0.9865
1760522407,0.9865
1760526014,0.9865
1760529624,0.9865
1760533210,0.9865
1760536812,0.9865
1760540412,0.9865
1760544015,0.9865
1760547616,0.9865
1760551213,0.9865
1760554810,0.9595
1760558413,0.96
1760562020,0.96
1760565616,0.96
1760569214,0.96
1760572808,0.96
1760576411,0.96
1760580008,0.96
1760583607,0.96
1760587212,0.96
1760590811,0.96
1760594424,0.96
1760598014,0.96
1760601609,0.96
1760605218,0.9595
1760608809,0.96
1760612418,0.96
1760616013,0.96
1760619619,0.96
1760623210,0.96
1760626813,0.96
1760630419,0.96
1760634019,0.96
1760637608,0.96
1760641208,0.96
1760644811,0.96
1760648408,0.96
1760652018,0.9595
1760655615,0.96
1760659206,0.96
1760662803,0.96
1760666415,0.96
1760670021,0.9635
1760673619,0.9615
1760677208,0.96
1760680825,0.9595
1760684408,0.96
1760688012,0.96
1760691619,0.96
1760695210,0.96
1760698819,0.96
1760702422,0.96
1760706011,0.961
1760709610,0.9595
1760713226,0.96
1760716814,0.96
1760720405,0.9605
1760724016,0.961
1760727613,0.96
1760731206,0.961
1760734827,0.96
1760738405,0.96
1760742005,0.9615
1760745606,0.96
1760749206,0.9615
1760752803,0.9625
1760756426,0.96
1760760011,0.96
1760763619,0.961
1760767224,0.961
1760770817,0.96
1760774407,0.9615
1760778013,0.96
1760781620,0.96
1760785215,0.961
1760788811,0.96
1760792419,0.961
1760796017,0.961
1760799625,0.961
1760803207,0.96
1760806818,0.96
1760810409,0.9605
1760814005,0.96
1760817611,0.961
1760821225,0.96
1760824810,0.96
1760828412,0.96
1760832020,0.96
1760835608,0.96
1760839216,0.96
1760842810,0.96
1760846407,0.96
1760850005,0.961
1760853615,0.96
1760857215,0.96
1760860817,0.96
1760864419,0.96
1760868005,0.96
1760871603,0.9605
1760875214,0.96
1760878814,0.961
1760882404,0.962
1760886026,0.962
1760889620,0.96
1760893223,0.961
1760896819,0.961
1760900405,0.961
1760904017,0.9605
1760907626,0.961
1760911219,0.961
1760914814,0.96
1760918419,0.961
1760922010,0.96
1760925615,0.962
1760929207,0.962
1760932816,0.962
1760936409,0.962
1760940018,0.96
1760943607,0.9595
1760947210,0.9595
1760950817,0.96
1760954413,0.961
1760958017,0.961
1760961629,0.9595
1760965206,0.9595
1760968805,0.9595
1760972409,0.9595
1760976011,0.9595
1760979618,0.9595
1760983221,0.9595
1760986811,0.9595
1760990417,0.9605
1760994023,0.96
1760997615,0.9595
1761001216,0.9595
1761004809,0.9595
1761008403,0.96
1761012009,0.961
1761015605,0.959
1761019206,0.9595
1761022819,0.9595
1761026423,0.9595
1761030020,0.9595
1761033613,0.9595
1761037220,0.9595
1761040815,0.9595
1761044407,0.9595
1761048023,0.9595
1761051613,0.9595
1761055204,0.9595
1761058819,0.9595
1761062403,0.9605
1761066023,0.9595
1761069624,0.9595
1761073207,0.9595
1761076806,0.9595
1761080409,0.9595
1761084012,0.9595
1761087616,0.9595
1761091223,0.9595
1761094817,0.9595
1761098415,0.9595
1761102031,0.9595
1761105622,0.9595
1761109223,0.9595
1761112824,0.9595
1761116415,0.9595
1761120017,0.96
1761123623,0.9595
1761127222,0.9595
1761130816,0.9595
1761134431,0.9595
1761138024,0.96
1761141621,0.96
1761145231,0.96
1761148825,0.96
1761152426,0.96
1761156035,0.96
1761159624,0.96
1761163224,0.96
1761166830,0.9595
1761170425,0.9595
1761174025,0.9595
1761177611,0.9595
1761181211,0.9595
1761184813,0.96
1761188415,0.9595
1761192014,0.9595
1761195616,0.9595
1761199218,0.9595
1761202813,0.9595
1761206417,0.9595
1761210015,0.9595
1761213615,0.9595
1761217218,0.9595
1761220821,0.9595
1761224418,0.9595
1761228047,0.9595
1761231617,0.9595
1761235219,0.9595
1761238820,0.9595
1761242419,0.9595
1761246019,0.9595
1761249619,0.9595
1761253221,0.9595
1761256820,0.9595
1761260420,0.9595
1761264019,0.9595
1761267616,0.96
1761271219,0.9605
1761274821,0.959
1761278420,0.9595
1761282020,0.96
1761285621,0.9605
1761289221,0.96
1761292821,0.9595
1761296422,0.9605
1761300021,0.958
1761303621,0.9585
1761307225,0.959
1761310820,0.958
1761314422,0.958
1761318023,0.958
1761321620,0.958
1761325222,0.958
1761328821,0.958
1761332422,0.958
1761336022,0.958
1761339624,0.958
1761343221,0.958
1761346821,0.958
1761350417,0.958
1761354014,0.958
1761357616,0.962
1761361221,0.962
1761364821,0.962
1761368421,0.962
1761372022,0.962
1761375623,0.962
1761379219,0.962
1761382823,0.962
1761386422,0.962
1761390020,0.9655
1761393625,0.9635
1761397220,0.9635
1761400821,0.9635
1761404423,0.9635
1761408021,0.9635
1761411626,0.9635
1761415224,0.962
1761418821,0.962
1761422421,0.962
1761426023,0.962
1761429621,0.962
1761433221,0.962
1761436820,0.962
1761440416,0.962
1761444018,0.962
1761447622,0.962
1761451221,0.962
1761454821,0.962
1761458423,0.962
1761462022,0.9625
1761465620,0.9625
1761469223,0.962
1761472821,0.962
1761476420,0.9625
1761480028,0.9625
1761483620,0.9625
1761487222,0.9625
1761490820,0.9625
1761494419,0.9625
1761498020,0.9625
1761501622,0.9625
1761505217,0.9625
1761508819,0.9625
1761512421,0.962
1761516018,0.9625
1761519618,0.962
1761523218,0.962
1761526813,0.962
1761530417,0.962
1761534019,0.962
1761537617,0.962
1761541218,0.962
1761544819,0.9625
1761548415,0.9625
1761552018,0.9625
1761555619,0.9625
1761559218,0.9625
1761562817,0.9625
1761566423,0.9625
1761570019,0.9625
1761573616,0.9625
1761577221,0.9625
1761580819,0.9625
1761584420,0.9625
1761588021,0.9625
1761591618,0.9645
1761595221,0.9645
1761598822,0.9645
1761602419,0.9645
1761606019,0.9695
1761609622,0.9695
1761613218,0.9645
1761616819,0.9645
1761620431,0.9645
1761624027,0.9645
1761627619,0.9645
1761631223,0.9645
1761634818,0.9645
1761638420,0.9645
1761642020,0.9645
1761645626,0.9645
1761649226,0.9645
1761652822,0.9645
1761656428,0.9645
1761660026,0.9645
1761663629,0.9645
1761667229,0.9645
1761670829,0.9645
1761674429,0.9645
1761678029,0.9645
1761681630,0.9645
1761685229,0.9645
1761688826,0.9645
1761692429,0.9645
1761696021,0.9645
1761699615,0.9645
1761703216,0.9645
1761706827,0.9645
1761710424,0.9645
1761714027,0.9645
1761717621,0.9645
1761721218,0.9645
1761724827,0.9645
1761728428,0.9645
1761746419,0.9645
1761750021,0.9645
1761753619,0.9645
1761757222,0.9645
1761760822,0.9645
1761764421,0.9645
1761768022,0.966
1761771622,0.966
1761775222,0.9665
1761778822,0.9665
1761782421,0.9665
1761786018,0.966
1761789619,0.9665
1761793223,0.9665
1761796824,0.9665
1761800424,0.9665
1761804023,0.9665
1761807623,0.9665
1761811221,0.9665
1761814824,0.968
1761818419,0.9685
1761822023,0.969
1761825625,0.969
1761829222,0.9685
1761832822,0.969
1761836423,0.969
1761840022,0.9705
1761843624,0.971
1761847223,0.9705
1761850823,0.9705
1761854422,0.9795
1761858025,0.9795
1761861624,0.9795
1761865224,0.9795
1761868814,0.9795
1761872413,0.9795
1761876017,0.9795
1761879619,0.9795
1761883221,0.9795
1761886821,0.9795
1761890422,0.9795
1761894022,0.9795
1761897626,0.9795
1761901222,0.9795
1761904822,0.9795
1761908421,0.9795
1761912025,0.9795
1761915621,0.9795
1761919222,0.9795
1761922822,0.9795
1761926422,0.983
1761930024,0.9825
1761933623,0.986
1761937223,0.985
1761940821,0.9855
1761944424,0.986
1761948023,0.986
1761951622,0.986
1761955221,0.986
1761958819,0.986
1761962420,0.986
1761966023,0.986
1761969622,0.986
1761973222,0.986
1761976824,0.9865
1761980424,0.986
1761984022,0.986
1761987624,0.986
1761991224,0.986
1761994822,0.986
1761998428,0.986
1762002021,0.986
1762005623,0.986
1762009224,0.986
1762012822,0.986
1762016426,0.9855
1762020023,0.986
1762023623,0.986
1762027223,0.9735
1762030825,0.9845
1762034424,0.985
1762038022,0.985
1762041617,0.985
1762045215,0.985
1762048817,0.9845
1762052421,0.9845
1762056021,0.9845
1762059621,0.9845
1762063222,0.984
1762066822,0.9845
1762070420,0.9845
1762074022,0.985
1762077621,0.9845
1762081222,0.984
1762084824,0.9845
1762088421,0.985
1762092022,0.985
1762095621,0.985
1762099221,0.9855
1762102823,0.9845
1762106424,0.985
1762110022,0.985
1762113621,0.985
1762117224,0.985
1762120822,0.9845
1762124422,0.985
1762128020,0.985
1762131618,0.9845
1762135220,0.985
1762138822,0.985
1762142422,0.985
1762146022,0.9845
1762149623,0.985
1762153223,0.985
1762156821,0.985
1762160422,0.985
1762164021,0.985
1762167621,0.985
1762171225,0.985
1762174821,0.984
1762178421,0.987
1762182022,0.987
1762185621,0.986
1762189222,0.986
1762192823,0.9855
1762196422,0.9855
1762200023,0.9855
1762203626,0.9855
1762207223,0.9855
1762210823,0.9855
1762214420,0.9855
1762218016,0.9855
1762221619,0.9855
1762225222,0.9855
1762228823,0.9855
1762232421,0.9855
1762236024,0.9855
1762239623,0.986
1762243222,0.9855
1762246825,0.9855
1762250423,0.9855
1762254023,0.9855
1762257627,0.9855
1762261223,0.9855
1762264824,0.9855
1762268424,0.986
1762272024,0.986
1762275625,0.986
1762279225,0.986
1762282825,0.9855
1762286424,0.9935
1762290027,0.982
1762293624,0.982
1762297223,0.9815
1762300822,0.9825
1762304420,0.982
1762308022,0.9825
1762311624,0.9815
1762315224,0.9815
1762318824,0.9815
1762322427,0.9815
1762326024,0.9865
1762329624,0.9865
1762333226,0.983
1762336823,0.983
1762340424,0.983
1762344028,0.9825
1762347623,0.983
1762351224,0.983
1762354825,0.983
1762358424,0.983
1762362025,0.9825
1762365625,0.9825
1762369225,0.9825
1762372823,0.9825
1762376426,0.9825
1762380024,0.9825
1762383623,0.9825
1762387213,0.9825
1762390814,0.9825
1762394417,0.9825
1762398023,0.9825
1762401623,0.9845
1762405222,0.9825
1762408824,0.9825
1762412423,0.982
1762416020,0.982
1762419624,0.9825
1762423218,0.9825
1762426822,0.9825
1762430429,0.9825
1762434021,0.9825
1762437622,0.9835
1762441222,0.9835
1762444824,0.9835
1762448426,0.9835
1762452024,0.995
1762455624,0.995
1762459225,0.995
1762462828,0.995
1762466423,0.995
1762470023,0.995
1762473622,0.995
1762477218,0.995
1762480824,0.995
1762484425,0.995
1762488023,0.995
1762491625,0.995
1762495228,0.995
1762498824,0.995
1762502423,0.995
1762506025,0.995
1762509623,0.995
1762513223,0.995
1762516829,0.995
1762520424,0.995
1762524026,0.995
1762527635,0.995
1762531225,0.995
1762534843,0.995
1762538427,0.995
1762542027,0.9995
1762545637,0.9995
1762549226,0.9995
