transaction_hash,wallet,side,outcome,asset_token_id,condition_id,price,size,usdc_size,timestamp,title
0x11b335d26b680ae4bd5ae44d2660ba459f4bc6897fb41fd7ec1d9853bbf0707c,0x731a241767938bb23d1b2fac4c9cd2f3cea9033f,BUY,No,68237946121529362664341772556611628379867100619182461851819188112644007085581,0xbbf313a2a82eff490335d49c67fb83dce12caa9eef5cd86307f89f10e673f32e,0.999,68,67.932,1782995407,Will the June 2026 unemployment rate be 4.6%?
0x44c4daef4a2a17cf93af8105dfd32ab84ba9fadb3391aa455bdcbc2f48057077,0x887218ed83486f3f62cd2b1dc3976aca8efb5f19,BUY,Yes,99600532394549852597292891930060066543857537979043560787441045800571295194382,0xbbf313a2a82eff490335d49c67fb83dce12caa9eef5cd86307f89f10e673f32e,0.0312076206,160.217245,4.999998995537247,1782990560,Will the June 2026 unemployment rate be 4.6%?
0xff9b67072572374b20cd262047ebfc4fb94f91c9831ac38b841e08d0e414bcde,0xb2e42d29690b7b63335a03c0fd5e64df0681b7f1,BUY,Yes,99600532394549852597292891930060066543857537979043560787441045800571295194382,0xbbf313a2a82eff490335d49c67fb83dce12caa9eef5cd86307f89f10e673f32e,0.0056210873,30.35,0.17059999955500002,1782815923,Will the June 2026 unemployment rate be 4.6%?
0x023854971c660c7a9211e94c0d286c8e77150c308933b6c5f63a05b48ee3f1da,0x7dcf235766e6b09c8869468a75d5495cf171a7bd,BUY,No,68237946121529362664341772556611628379867100619182461851819188112644007085581,0xbbf313a2a82eff490335d49c67fb83dce12caa9eef5cd86307f89f10e673f32e,0.997,5,4.985,1782789350,Will the June 2026 unemployment rate be 4.6%?
0xa100b64f35d9f9c4c9890501868c10eb497b9b6512757ab3193e3d696578f617,0x7dcf235766e6b09c8869468a75d5495cf171a7bd,BUY,No,68237946121529362664341772556611628379867100619182461851819188112644007085581,0xbbf313a2a82eff490335d49c67fb83dce12caa9eef5cd86307f89f10e673f32e,0.997,22,21.934,1782785414,Will the June 2026 unemployment rate be 4.6%?
0x7ff250e6540e7ab7a3eb5da81b8b0c738b65f519b6d964254eb9e168b742c8bb,0xdce7b82e559f649b703765f52c0d49724e9ef553,BUY,Yes,99600532394549852597292891930060066543857537979043560787441045800571295194382,0xbbf313a2a82eff490335d49c67fb83dce12caa9eef5cd86307f89f10e673f32e,0.011047068,90.521666,0.9999989997752879,1782772784,Will the June 2026 unemployment rate be 4.6%?
0x2f70f4937ee92065ba6de4ff296af2bef7581a1f84219926988390e64f7eb059,0xfd7406634dd33871e873fb34b00bfcebb76947c5,SELL,Yes,99600532394549852597292891930060066543857537979043560787441045800571295194382,0xbbf313a2a82eff490335d49c67fb83dce12caa9eef5cd86307f89f10e673f32e,0.01,5,0.05,1782727733,Will the June 2026 unemployment rate be 4.6%?
0xcf93b5620504a7d490292aa85321402c9bfa78fee784c835bd7cdf2ecd6130f9,0x128b01c68900a23798d151b7f56942d9f6fb7c4f,BUY,No,68237946121529362664341772556611628379867100619182461851819188112644007085581,0xbbf313a2a82eff490335d49c67fb83dce12caa9eef5cd86307f89f10e673f32e,0.979,40,39.16,1782610571,Will the June 2026 unemployment rate be 4.6%?
0xbfd95b1a16a1ee67356735343fe73cce74dab10e7bf58fe168d92900df7cd25a,0xfd7406634dd33871e873fb34b00bfcebb76947c5,SELL,Yes,99600532394549852597292891930060066543857537979043560787441045800571295194382,0xbbf313a2a82eff490335d49c67fb83dce12caa9eef5cd86307f89f10e673f32e,0.01,3.89,0.038900000000000004,1782253346,Will the June 2026 unemployment rate be 4.6%?
0xfb51288f10b1eadffe3220100bc15cd6ac7a72294d46b81cd210256ccc06f420,0x1a967b272e98b708fb26a947a50c23785ac29797,SELL,No,68237946121529362664341772556611628379867100619182461851819188112644007085581,0xbbf313a2a82eff490335d49c67fb83dce12caa9eef5cd86307f89f10e673f32e,0.98,1.09,1.0682,1782126851,Will the June 2026 unemployment rate be 4.6%?
0xa09584e3add1b8ee74907b5a0fe500a0d701b2de4deef180b734b81b7b8d0e11,0x1a967b272e98b708fb26a947a50c23785ac29797,BUY,No,68237946121529362664341772556611628379867100619182461851819188112644007085581,0xbbf313a2a82eff490335d49c67fb83dce12caa9eef5cd86307f89f10e673f32e,0.99,1.101,1.08999,1782126805,Will the June 2026 unemployment rate be 4.6%?
0xdc252c1ff243a4a6a66d907e54a369a77783dc92bd213c8058b1e4ffa3ed21a9,0x4d158cd285e66b004835997ff0d89ac4d4cf78db,SELL,Yes,99600532394549852597292891930060066543857537979043560787441045800571295194382,0xbbf313a2a82eff490335d49c67fb83dce12caa9eef5cd86307f89f10e673f32e,0.011,5,0.05499999999999999,1781894744,Will the June 2026 unemployment rate be 4.6%?
0x9b27f14bcf73f2f87c11e6c43234e4465f5d7243168b63c69eaf17c8da5edf58,0xfd7406634dd33871e873fb34b00bfcebb76947c5,SELL,Yes,99600532394549852597292891930060066543857537979043560787441045800571295194382,0xbbf313a2a82eff490335d49c67fb83dce12caa9eef5cd86307f89f10e673f32e,0.009,5,0.045,1781641496,Will the June 2026 unemployment rate be 4.6%?
0x2eb20ca2e42dc01e166cbb44809d2ed6b80108cecf9b83c584bd6a13d9c6b8f6,0x9422f0e5a2c4358bdd2a901aa2a31f58e04ef273,SELL,Yes,99600532394549852597292891930060066543857537979043560787441045800571295194382,0xbbf313a2a82eff490335d49c67fb83dce12caa9eef5cd86307f89f10e673f32e,0.009,5,0.045,1781624555,Will the June 2026 unemployment rate be 4.6%?
0xec171229dd75ebbae617fd6581a99ae8d6be22812ceda40d7210759335c7288e,0xfbd8c9c22ca76b3662d0e53a4f79719fdc684027,BUY,No,68237946121529362664341772556611628379867100619182461851819188112644007085581,0xbbf313a2a82eff490335d49c67fb83dce12caa9eef5cd86307f89f10e673f32e,0.96,6,5.76,1781275114,Will the June 2026 unemployment rate be 4.6%?
0x2f17a45dc64fb4d44023a4ef2b7adb548cb986cccb463baf7a18e23351e7dbcd,0x04dcbd9b805b220a9b2d27e4d9e649ed07902387,BUY,No,68237946121529362664341772556611628379867100619182461851819188112644007085581,0xbbf313a2a82eff490335d49c67fb83dce12caa9eef5cd86307f89f10e673f32e,0.97,47.3,45.88099999999999,1781243127,Will the June 2026 unemployment rate be 4.6%?
0xd468933987cb9d10cc885bec55199257833baff35b31c535fd52da3e828bd446,0x04dcbd9b805b220a9b2d27e4d9e649ed07902387,BUY,No,68237946121529362664341772556611628379867100619182461851819188112644007085581,0xbbf313a2a82eff490335d49c67fb83dce12caa9eef5cd86307f89f10e673f32e,0.96586,50,48.293,1781176446,Will the June 2026 unemployment rate be 4.6%?
0xddaec247cabf1307b60fd0643e4ebf52e35c81970c3e971422dc956b6033eb0b,0x4526ab9f8b42770c647ba8ba8a3c5ca125462d4b,BUY,No,68237946121529362664341772556611628379867100619182461851819188112644007085581,0xbbf313a2a82eff490335d49c67fb83dce12caa9eef5cd86307f89f10e673f32e,0.95,5,4.75,1781114838,Will the June 2026 unemployment rate be 4.6%?
0x214cf052f8233d6c675fa01fe667d4a83ad354842aac6dd50a0aea48fe506fe4,0x2f26606ccc45a934838a97d44a30c32012ae0d8f,BUY,No,68237946121529362664341772556611628379867100619182461851819188112644007085581,0xbbf313a2a82eff490335d49c67fb83dce12caa9eef5cd86307f89f10e673f32e,0.95,20,19.0,1780776406,Will the June 2026 unemployment rate be 4.6%?
0xfd41e04705d68898182b7ac9f6eea7cae6e018037e106f0f081ef4c0f2ca4ab4,0x0781872fe78deb6ad8147e482952b4a5461ec4ff,BUY,No,68237946121529362664341772556611628379867100619182461851819188112644007085581,0xbbf313a2a82eff490335d49c67fb83dce12caa9eef5cd86307f89f10e673f32e,0.95,32,30.4,1780750566,Will the June 2026 unemployment rate be 4.6%?
