trade_id,ticker,created_time,price_dollars,side,contracts,is_block_trade
fefd1d23-5ca3-46c9-a1f0-47c861efab4e,PRESPARTYND-24-R,2024-12-03T03:06:58.946905Z,0.01,buy,1.0,False
d506eb20-9af5-4598-92e8-48cf3e085d05,PRESPARTYND-24-R,2024-11-21T00:50:49.602391Z,0.01,buy,50.0,False
7e2fe8f6-f41d-4173-b8cf-ef3a63cc8e92,PRESPARTYND-24-R,2024-11-19T15:11:49.152388Z,0.99,sell,72.0,False
87184638-3a07-4235-82b7-ed418646b33b,PRESPARTYND-24-R,2024-11-14T15:05:48.111479Z,0.99,sell,137.0,False
161e395e-9e79-4893-b17b-bf9250b60d73,PRESPARTYND-24-R,2024-11-09T02:16:25.205841Z,0.02,buy,2.0,False
1298e170-c036-4781-aba1-d7492201c14d,PRESPARTYND-24-R,2024-11-08T22:50:08.000858Z,0.99,sell,5.0,False
9c481082-1e24-44fb-b445-8f6051e5f7a5,PRESPARTYND-24-R,2024-11-08T15:00:02.224985Z,0.99,sell,2825.0,False
803712a4-41ac-4982-ba7a-8c0131fc0e1a,PRESPARTYND-24-R,2024-11-08T15:00:02.224985Z,0.99,sell,50.0,False
783b9950-18f4-42d9-a315-865855f9d539,PRESPARTYND-24-R,2024-11-08T14:45:09.358555Z,0.02,buy,5.0,False
52fddc84-c816-476a-841e-487e4d21d6f1,PRESPARTYND-24-R,2024-11-08T14:45:09.358555Z,0.02,buy,5.0,False
923db477-8b39-4684-aa58-93488f98b4ff,PRESPARTYND-24-R,2024-11-06T21:23:35.462826Z,0.01,buy,25.0,False
892c12c6-f26b-4c0b-9784-9de3092a916d,PRESPARTYND-24-R,2024-11-06T21:23:35.462826Z,0.01,buy,300.0,False
84798d86-1fb3-4327-9d92-b0fd6ece199d,PRESPARTYND-24-R,2024-11-06T21:23:35.462826Z,0.01,buy,675.0,False
c36e7919-b0ee-42a5-a143-f0bef863507b,PRESPARTYND-24-R,2024-11-06T20:45:24.573196Z,0.01,buy,30.0,False
41097756-c9c0-4370-ba59-02ae99b11582,PRESPARTYND-24-R,2024-11-06T17:32:26.325464Z,0.01,buy,10.0,False
a7518f29-a073-47ae-b8d8-94b10fcbddf5,PRESPARTYND-24-R,2024-11-06T16:26:47.175572Z,0.01,buy,101.0,False
fa05e4b3-6eb7-48e4-a8cc-98433911adc1,PRESPARTYND-24-R,2024-11-06T14:23:41.228092Z,0.01,buy,2.0,False
2488cf82-47ef-4813-9978-1799407b29e4,PRESPARTYND-24-R,2024-11-06T12:50:14.912464Z,0.01,buy,14.0,False
8b05dad9-ca40-415a-a865-a87fb7286dab,PRESPARTYND-24-R,2024-11-06T10:54:04.36689Z,0.01,buy,10.0,False
37912230-bc85-4458-ba49-d5efe70994b8,PRESPARTYND-24-R,2024-11-06T07:11:42.671363Z,0.01,buy,8.0,False
d63929c7-8c7d-4df3-be1c-d60738fbbd83,PRESPARTYND-24-R,2024-11-06T07:03:50.451734Z,0.99,sell,25.0,False
8e02e504-b6f6-4091-8a9d-516da1c2f274,PRESPARTYND-24-R,2024-11-06T06:22:14.663417Z,0.99,sell,33.0,False
1e0d562c-f921-4c5c-bcc6-6dfeb7f1c6a5,PRESPARTYND-24-R,2024-11-06T06:16:19.761397Z,0.05,buy,14.0,False
57ccb57e-43d2-43eb-906a-9e32aba980c5,PRESPARTYND-24-R,2024-11-06T06:15:41.144338Z,0.99,sell,43.0,False
c5efcd3b-fbac-48fd-87eb-ac330cf758a3,PRESPARTYND-24-R,2024-11-06T05:32:56.771983Z,0.07,buy,41.0,False
5ecb81d0-5920-4315-b4aa-b1c6e24ec451,PRESPARTYND-24-R,2024-11-06T05:32:56.771983Z,0.07,buy,101.0,False
c5740537-cf67-4161-9eb1-6f27c3a5d23b,PRESPARTYND-24-R,2024-11-06T05:12:49.102946Z,0.01,buy,10.0,False
f7b93cee-f3f3-4aea-a082-4bf4638a8545,PRESPARTYND-24-R,2024-11-06T04:06:10.282721Z,0.07,buy,9.0,False
49f9100e-92df-4f8d-a1a5-bb6cd38ca291,PRESPARTYND-24-R,2024-11-06T03:58:02.175646Z,0.99,sell,23.0,False
b10a6d78-0319-4bf7-b7b3-6f7dbc3da6ed,PRESPARTYND-24-R,2024-11-06T03:17:11.058897Z,0.99,sell,25.0,False
4fa128c2-facf-4c9a-8908-a410fbe15d77,PRESPARTYND-24-R,2024-11-06T03:17:11.058897Z,0.99,sell,8.0,False
f903a0bd-f755-4442-8149-7dc5408d414c,PRESPARTYND-24-R,2024-11-06T02:05:37.138468Z,0.04,buy,25.0,False
11ace1d0-acbd-4448-9c78-038312acb877,PRESPARTYND-24-R,2024-11-06T01:16:18.715159Z,0.08,buy,31.0,False
e4ca5b0c-d8db-46b6-a374-a33c5e179f52,PRESPARTYND-24-R,2024-11-05T17:58:33.983681Z,0.03,buy,33.0,False
f14d42a3-1c28-44d9-9ce7-50278bcd77aa,PRESPARTYND-24-R,2024-11-05T14:39:37.000571Z,0.02,buy,500.0,False
954fa129-5741-4fd2-ba76-b06a19a3c18f,PRESPARTYND-24-R,2024-11-05T12:44:54.817876Z,0.03,buy,66.0,False
33a72af5-a8d7-4fef-b363-4bfdf69d620e,PRESPARTYND-24-R,2024-11-05T12:44:54.817876Z,0.03,buy,245.0,False
0ca6fa4c-544d-4229-97e5-c83f12c7b863,PRESPARTYND-24-R,2024-11-05T12:44:54.817876Z,0.03,buy,64.0,False
38bead0d-18fe-4b7a-8cc6-0578fe5fd235,PRESPARTYND-24-R,2024-11-05T07:23:58.230317Z,0.03,buy,370.0,False
9ace0312-ca60-4f82-a42f-dd18789e6bc2,PRESPARTYND-24-R,2024-11-05T05:08:13.39237Z,0.99,sell,1.0,False
853605bb-1bd7-4f19-9308-67560a472280,PRESPARTYND-24-R,2024-11-05T02:30:03.679756Z,0.99,sell,90.0,False
6606e17b-0e94-4e47-9445-637486cefc10,PRESPARTYND-24-R,2024-11-05T02:30:03.679756Z,0.99,sell,1.0,False
4e43d465-b897-45eb-8c21-b6e5318e0245,PRESPARTYND-24-R,2024-11-05T02:30:03.679756Z,0.99,sell,10.0,False
dc8d5c42-b43a-4b64-b38f-2c1cced5a115,PRESPARTYND-24-R,2024-11-05T01:52:19.769693Z,0.99,sell,710.0,False
7ddd1906-907f-4c36-b59b-4bd62e263b94,PRESPARTYND-24-R,2024-11-05T00:46:59.320423Z,0.03,buy,66.0,False
4796256b-e5b3-4cc0-85a8-550d9850f4f2,PRESPARTYND-24-R,2024-11-05T00:03:06.569661Z,0.99,sell,2.0,False
a23d90cc-c83a-4e1d-a482-61be73b5dd99,PRESPARTYND-24-R,2024-11-04T21:25:54.595966Z,0.99,sell,4.0,False
6525dcb3-f08f-4563-9a1c-da01628b34a1,PRESPARTYND-24-R,2024-11-04T20:20:12.200919Z,0.99,sell,10.0,False
fecf3a6b-ce10-4121-8287-caf386085fe6,PRESPARTYND-24-R,2024-11-04T19:15:30.548047Z,0.99,sell,1.0,False
14bf7812-f393-4b40-80cb-caf249884cbd,PRESPARTYND-24-R,2024-11-04T15:44:06.242136Z,0.99,sell,1.0,False
35c81e6b-a75c-4170-a80b-ccd2e1d13dae,PRESPARTYND-24-R,2024-11-04T15:41:28.855956Z,0.99,sell,2.0,False
98a53ea1-8f0e-43c5-bcbc-4027a90e25e2,PRESPARTYND-24-R,2024-11-03T23:27:36.724593Z,0.03,buy,50.0,False
26aea7d8-d18f-4af8-a3bd-cbeb812a2069,PRESPARTYND-24-R,2024-11-03T23:27:36.724593Z,0.04,buy,87.0,False
4b210cbe-21e4-4f58-8a62-f36e47657155,PRESPARTYND-24-R,2024-11-03T16:23:49.713015Z,0.99,sell,1.0,False
0feea236-fe09-4886-8f50-0334003bd61d,PRESPARTYND-24-R,2024-11-02T23:16:26.767824Z,0.99,sell,1.0,False
ff1a892f-2e4e-40c2-90bf-0952e9c56cba,PRESPARTYND-24-R,2024-11-02T17:27:43.895554Z,0.99,sell,5.0,False
dd6de2c6-1dbd-4385-84cb-06c3089a4034,PRESPARTYND-24-R,2024-11-02T17:21:18.69329Z,0.03,buy,33.0,False
32e29299-84dc-4e3a-bfb5-d09a69023b56,PRESPARTYND-24-R,2024-11-01T18:41:58.899434Z,0.99,sell,47.0,False
acacd247-00c8-404c-ae9c-ef9188c44c41,PRESPARTYND-24-R,2024-11-01T15:22:04.681697Z,0.99,sell,2.0,False
cd0f5b53-4a95-4293-aef8-6a74f6cb67d3,PRESPARTYND-24-R,2024-11-01T15:10:05.310016Z,0.99,sell,2.0,False
25099bf8-b848-49d2-ab54-b287fbafa03f,PRESPARTYND-24-R,2024-11-01T14:19:39.006125Z,0.03,buy,110.0,False
eac65e2a-16e5-4b19-92ce-8ee83f1f2aaf,PRESPARTYND-24-R,2024-11-01T14:08:36.279705Z,0.99,sell,10.0,False
a6e953b8-b1b0-484a-8e46-f447981a0d71,PRESPARTYND-24-R,2024-11-01T14:06:58.364024Z,0.99,sell,101.0,False
3b3853c4-0dbb-4fba-a1ee-f565bea694f6,PRESPARTYND-24-R,2024-11-01T14:06:26.127169Z,0.03,buy,66.0,False
f5bc04e5-58b0-49c3-a699-b50028a51cba,PRESPARTYND-24-R,2024-11-01T05:17:08.693724Z,0.05,buy,500.0,False
ad5c2336-9ec7-4e20-b07b-ddc9b70759ae,PRESPARTYND-24-R,2024-11-01T05:17:08.693724Z,0.09,buy,110.0,False
703b0974-f2bf-4c87-a448-4e999e7bbc43,PRESPARTYND-24-R,2024-11-01T05:17:08.693724Z,0.03,buy,51.0,False
5cc4642f-d3d3-48ad-a4e0-e5507e8aa24a,PRESPARTYND-24-R,2024-11-01T05:17:08.693724Z,0.03,buy,1000.0,False
348f3ca1-6a6e-4cb5-87c4-d4958e8d2980,PRESPARTYND-24-R,2024-11-01T05:17:08.693724Z,0.03,buy,433.0,False
31029718-cc76-44da-a3fa-6b86bf70cec3,PRESPARTYND-24-R,2024-11-01T05:17:08.693724Z,0.03,buy,1.0,False
1a3cba30-449c-4c60-8949-c0ed26beef47,PRESPARTYND-24-R,2024-11-01T05:17:08.693724Z,0.04,buy,500.0,False
083a2224-7b72-4967-a8ab-ce4146180039,PRESPARTYND-24-R,2024-11-01T05:17:08.693724Z,0.03,buy,16.0,False
3cee05f9-b02a-46da-8966-5410e3b001ec,PRESPARTYND-24-R,2024-11-01T04:16:34.607086Z,0.99,sell,10.0,False
19addb03-5cce-4af3-babb-db626b65db25,PRESPARTYND-24-R,2024-11-01T03:48:48.189574Z,0.99,sell,1.0,False
720f43b3-533e-4ef3-9eae-6b5e7110914d,PRESPARTYND-24-R,2024-11-01T03:42:49.594613Z,0.99,sell,5.0,False
9ab130be-832e-42ff-a937-8cb0b94ac3ab,PRESPARTYND-24-R,2024-11-01T03:39:14.439346Z,0.99,sell,1.0,False
1c62a088-3ba1-4d28-9156-9bf5ec15356c,PRESPARTYND-24-R,2024-11-01T03:03:49.20522Z,0.03,buy,108.0,False
f468839d-b3e0-4857-ae4f-c2a79e022986,PRESPARTYND-24-R,2024-11-01T03:02:17.8152Z,0.99,sell,101.0,False
f831ec3f-0809-4db4-ba76-0649c25d4c6a,PRESPARTYND-24-R,2024-11-01T03:01:04.611739Z,0.99,sell,7.0,False
37d502ce-121c-4834-adc3-500feb3dd84d,PRESPARTYND-24-R,2024-10-31T23:49:10.017287Z,0.99,sell,3.0,False
fdfe3031-d867-4788-8715-af8134609841,PRESPARTYND-24-R,2024-10-31T22:25:28.533716Z,0.03,buy,125.0,False
adf99783-9800-4b0c-81b6-8941fdbd7a62,PRESPARTYND-24-R,2024-10-31T19:05:24.19929Z,0.03,buy,16.0,False
bfda5a45-69fc-429e-b23b-9652d479bb6f,PRESPARTYND-24-R,2024-10-31T12:56:38.112102Z,0.04,buy,500.0,False
b764abcd-b1a0-4cd0-a5cf-facea2da3cd6,PRESPARTYND-24-R,2024-10-31T12:56:38.112102Z,0.02,buy,440.0,False
a93a98b2-6b5f-4b06-a71e-303fa9193eeb,PRESPARTYND-24-R,2024-10-31T12:56:38.112102Z,0.02,buy,11.0,False
8b0f2676-3107-43ff-b813-3b8dcc4c49db,PRESPARTYND-24-R,2024-10-31T12:56:38.112102Z,0.02,buy,49.0,False
7b32b46e-ba72-4809-90af-82f596cc34e5,PRESPARTYND-24-R,2024-10-31T12:56:38.112102Z,0.03,buy,500.0,False
25fcb286-b4a3-4a0c-a9d7-b375eb884b0e,PRESPARTYND-24-R,2024-10-31T12:56:38.112102Z,0.04,buy,1375.0,False
7382d0c8-55c0-49f3-94de-097ea1a9b8b4,PRESPARTYND-24-R,2024-10-31T02:00:20.089715Z,0.99,sell,6.0,False
f0e39ea5-d3f8-4624-82c2-8464f35429a0,PRESPARTYND-24-R,2024-10-31T01:31:15.516567Z,0.02,buy,10.0,False
3a9f8d62-fa26-45e8-b5f2-7bb7b512e2bf,PRESPARTYND-24-R,2024-10-31T00:53:43.500292Z,0.99,sell,30.0,False
27d05d27-ee30-4a7f-a613-241aa2660475,PRESPARTYND-24-R,2024-10-30T23:18:31.187857Z,0.99,sell,1.0,False
bdb84266-8b7b-4f35-852e-f1c11009cd96,PRESPARTYND-24-R,2024-10-30T23:17:30.772182Z,0.99,sell,10.0,False
5af82d67-92cd-42e8-9ec8-83e3d265d946,PRESPARTYND-24-R,2024-10-29T04:13:41.240288Z,0.02,buy,1.0,False
ab395d04-d001-4c10-a77e-eae5355faba1,PRESPARTYND-24-R,2024-10-29T04:13:36.497161Z,0.99,sell,1.0,False
4fabc07e-8bed-4a50-97d0-b3e2667935b3,PRESPARTYND-24-R,2024-10-17T00:31:31.038949Z,0.02,buy,49.0,False
